Werk,Freileitung,Kabelleitung,LeitungGesamt,AnzahlMasten,AnzahlStationen,Datum
AEK,0.0,9755.083212813313,9755.083212813313,0.0,0.0,2023-06-21
Axpo Grid AG,1823685.2551547438,418259.56332130433,2241944.8184760483,7010.0,37.0,2023-06-21
IBC,10457.540317788076,35999.43641068028,46456.97672846836,25.0,4.0,2023-06-21
IWB,0.0,1137060.9322728321,1137060.9322728321,0.0,145.0,2023-06-21
SEG,15685.305674601797,7663.694949527551,23349.00062412935,339.0,3.0,2023-06-21
Swissgrid,10502450.661044762,85558.46892887582,10588009.129973637,11975.0,134.0,2023-06-21
AEK,0.0,9755.083212813313,9755.083212813313,0.0,0.0,2023-06-27
Axpo Grid AG,1823685.2551547438,418259.56332130433,2241944.8184760483,7010.0,37.0,2023-06-27
ESB,0.0,35409.581596232965,35409.581596232965,0.0,4.0,2023-06-27
IBC,10457.540317788076,35999.43641068028,46456.97672846836,25.0,4.0,2023-06-27
IWB,0.0,1137060.9322728321,1137060.9322728321,0.0,145.0,2023-06-27
SEG,15685.305674601797,7663.694949527551,23349.00062412935,339.0,3.0,2023-06-27
Swissgrid,10502450.661044762,85558.46892887582,10588009.129973637,11975.0,134.0,2023-06-27
AEK,0.0,9755.083212813313,9755.083212813313,0.0,0.0,2023-06-28
Axpo Grid AG,1823685.2551547438,418259.56332130433,2241944.8184760483,7010.0,37.0,2023-06-28
ESB,0.0,35409.581596232965,35409.581596232965,0.0,4.0,2023-06-28
IBC,10457.540317788076,35999.43641068028,46456.97672846836,25.0,4.0,2023-06-28
IWB,0.0,1137060.9322728321,1137060.9322728321,0.0,145.0,2023-06-28
SEG,15685.305674601797,7663.694949527551,23349.00062412935,339.0,3.0,2023-06-28
Swissgrid,10502450.661044762,85558.46892887582,10588009.129973637,11975.0,134.0,2023-06-28
AEK,0.0,9755.083212813313,9755.083212813313,0.0,0.0,2023-06-29
Alu Infra,444.69835153234806,252.12726671076587,696.8256182431139,0.0,0.0,2023-06-29
Axpo Grid AG,1823685.2551547438,418259.56332130433,2241944.8184760483,7010.0,37.0,2023-06-29
ESB,0.0,35409.581596232965,35409.581596232965,0.0,4.0,2023-06-29
Electricité de la Lienne SA,5606.259620619548,0.0,5606.259620619548,20.0,0.0,2023-06-29
Gougra,16419.41659074966,0.0,16419.41659074966,61.0,2.0,2023-06-29
IBC,10457.540317788076,35999.43641068028,46456.97672846836,25.0,4.0,2023-06-29
IWB,0.0,1137060.9322728321,1137060.9322728321,0.0,145.0,2023-06-29
SEG,15685.305674601797,7663.694949527551,23349.00062412935,339.0,3.0,2023-06-29
Swissgrid,10502450.661044762,85558.46892887582,10588009.129973637,11975.0,134.0,2023-06-29
Valgrid,257250.47985688612,68782.69022418243,326033.1700810685,1558.0,51.0,2023-06-29
AEK,0.0,9755.083212813313,9755.083212813313,0.0,0.0,2023-06-30
Alu Infra,444.69835153234806,252.12726671076587,696.8256182431139,0.0,0.0,2023-06-30
Axpo Grid AG,1823685.2551547438,418259.56332130433,2241944.8184760483,7010.0,37.0,2023-06-30
ESB,0.0,35409.581596232965,35409.581596232965,0.0,4.0,2023-06-30
Electricité de la Lienne SA,5606.259620619548,0.0,5606.259620619548,20.0,0.0,2023-06-30
Gougra,16419.41659074966,0.0,16419.41659074966,61.0,2.0,2023-06-30
IBC,10457.540317788076,35999.43641068028,46456.97672846836,25.0,4.0,2023-06-30
IWB,0.0,1137060.9322728321,1137060.9322728321,0.0,145.0,2023-06-30
SEG,15685.305674601797,7663.694949527551,23349.00062412935,339.0,3.0,2023-06-30
Swissgrid,10502450.661044762,85558.46892887582,10588009.129973637,11975.0,134.0,2023-06-30
Valgrid,257250.47985688612,68782.69022418243,326033.1700810685,1558.0,51.0,2023-06-30
AEK,0.0,9755.083212813313,9755.083212813313,0.0,0.0,2023-07-01
Alu Infra,444.69835153234806,252.12726671076587,696.8256182431139,0.0,0.0,2023-07-01
Axpo Grid AG,1823685.2551547438,418259.56332130433,2241944.8184760483,7010.0,37.0,2023-07-01
ESB,0.0,35409.581596232965,35409.581596232965,0.0,4.0,2023-07-01
Electricité de la Lienne SA,5606.259620619548,0.0,5606.259620619548,20.0,0.0,2023-07-01
Gougra,16419.41659074966,0.0,16419.41659074966,61.0,2.0,2023-07-01
IBC,10457.540317788076,35999.43641068028,46456.97672846836,25.0,4.0,2023-07-01
IWB,0.0,1137060.9322728321,1137060.9322728321,0.0,145.0,2023-07-01
SEG,15685.305674601797,7663.694949527551,23349.00062412935,339.0,3.0,2023-07-01
Swissgrid,10502450.661044762,85558.46892887582,10588009.129973637,11975.0,134.0,2023-07-01
Valgrid,257250.47985688612,68782.69022418243,326033.1700810685,1558.0,51.0,2023-07-01
AEK,0.0,9755.083212813313,9755.083212813313,0.0,0.0,2023-07-02
Alu Infra,444.69835153234806,252.12726671076587,696.8256182431139,0.0,0.0,2023-07-02
Axpo Grid AG,1823685.2551547438,418259.56332130433,2241944.8184760483,7010.0,37.0,2023-07-02
ESB,0.0,35409.581596232965,35409.581596232965,0.0,4.0,2023-07-02
Electricité de la Lienne SA,5606.259620619548,0.0,5606.259620619548,20.0,0.0,2023-07-02
Gougra,16419.41659074966,0.0,16419.41659074966,61.0,2.0,2023-07-02
IBC,10457.540317788076,35999.43641068028,46456.97672846836,25.0,4.0,2023-07-02
IWB,0.0,1137060.9322728321,1137060.9322728321,0.0,145.0,2023-07-02
SEG,15685.305674601797,7663.694949527551,23349.00062412935,339.0,3.0,2023-07-02
Swissgrid,10502450.661044762,85558.46892887582,10588009.129973637,11975.0,134.0,2023-07-02
Valgrid,257250.47985688612,68782.69022418243,326033.1700810685,1558.0,51.0,2023-07-02
AEK,0.0,9755.083212813313,9755.083212813313,0.0,0.0,2023-07-03
Alu Infra,444.69835153234806,252.12726671076587,696.8256182431139,0.0,0.0,2023-07-03
Axpo Grid AG,1823685.2551547438,418259.56332130433,2241944.8184760483,7010.0,37.0,2023-07-03
ESB,0.0,35409.581596232965,35409.581596232965,0.0,4.0,2023-07-03
Electricité de la Lienne SA,5606.259620619548,0.0,5606.259620619548,20.0,0.0,2023-07-03
Gougra,16419.41659074966,0.0,16419.41659074966,61.0,2.0,2023-07-03
IBC,10457.540317788076,35999.43641068028,46456.97672846836,25.0,4.0,2023-07-03
IWB,0.0,1137060.9322728321,1137060.9322728321,0.0,145.0,2023-07-03
SEG,15685.305674601797,7663.694949527551,23349.00062412935,339.0,3.0,2023-07-03
Swissgrid,10502450.661044762,85558.46892887582,10588009.129973637,11975.0,134.0,2023-07-03
Valgrid,257250.47985688612,68782.69022418243,326033.1700810685,1558.0,51.0,2023-07-03
AEK,0.0,9755.083212813313,9755.083212813313,0.0,0.0,2023-07-04
Alu Infra,444.69835153234806,252.12726671076587,696.8256182431139,0.0,0.0,2023-07-04
Axpo Grid AG,1823685.2551547438,418259.56332130433,2241944.8184760483,7010.0,37.0,2023-07-04
ESB,0.0,35409.581596232965,35409.581596232965,0.0,4.0,2023-07-04
Electricité de la Lienne SA,5606.259620619548,0.0,5606.259620619548,20.0,0.0,2023-07-04
Gougra,16419.41659074966,0.0,16419.41659074966,61.0,2.0,2023-07-04
IBC,10457.540317788076,35999.43641068028,46456.97672846836,25.0,4.0,2023-07-04
IWB,0.0,1137060.9322728321,1137060.9322728321,0.0,145.0,2023-07-04
SEG,15685.305674601797,7663.694949527551,23349.00062412935,339.0,3.0,2023-07-04
Swissgrid,10502450.661044762,85558.46892887582,10588009.129973637,11975.0,134.0,2023-07-04
Valgrid,257250.47985688612,68782.69022418243,326033.1700810685,1558.0,51.0,2023-07-04
AEK,0.0,9755.083212813313,9755.083212813313,0.0,0.0,2023-07-05
Alu Infra,444.69835153234806,252.12726671076587,696.8256182431139,0.0,0.0,2023-07-05
Axpo Grid AG,1823685.2551547438,418259.56332130433,2241944.8184760483,7010.0,37.0,2023-07-05
ESB,0.0,35409.581596232965,35409.581596232965,0.0,4.0,2023-07-05
Electricité de la Lienne SA,5606.259620619548,0.0,5606.259620619548,20.0,0.0,2023-07-05
Gougra,16419.41659074966,0.0,16419.41659074966,61.0,2.0,2023-07-05
IBC,10457.540317788076,35999.43641068028,46456.97672846836,25.0,4.0,2023-07-05
IWB,0.0,1137060.9322728321,1137060.9322728321,0.0,145.0,2023-07-05
SEG,15685.305674601797,7663.694949527551,23349.00062412935,339.0,3.0,2023-07-05
Swissgrid,10502450.661044762,85558.46892887582,10588009.129973637,11975.0,134.0,2023-07-05
Valgrid,257250.47985688612,68782.69022418243,326033.1700810685,1558.0,51.0,2023-07-05
AEK,0.0,9755.083212813313,9755.083212813313,0.0,0.0,2023-07-06
Alu Infra,444.69835153234806,252.12726671076587,696.8256182431139,0.0,0.0,2023-07-06
Axpo Grid AG,1823685.2551547438,418259.56332130433,2241944.8184760483,7010.0,37.0,2023-07-06
ESB,0.0,35409.581596232965,35409.581596232965,0.0,4.0,2023-07-06
Electricité de la Lienne SA,5606.259620619548,0.0,5606.259620619548,20.0,0.0,2023-07-06
Gougra,16419.41659074966,0.0,16419.41659074966,61.0,2.0,2023-07-06
IBC,10457.540317788076,35999.43641068028,46456.97672846836,25.0,4.0,2023-07-06
IWB,0.0,1137060.9322728321,1137060.9322728321,0.0,145.0,2023-07-06
SEG,15685.305674601797,7663.694949527551,23349.00062412935,339.0,3.0,2023-07-06
Swissgrid,10502450.661044762,85558.46892887582,10588009.129973637,11975.0,134.0,2023-07-06
Valgrid,257250.47985688612,68782.69022418243,326033.1700810685,1558.0,51.0,2023-07-06
AEK,0.0,9755.083212813313,9755.083212813313,0.0,0.0,2023-07-07
Alu Infra,444.69835153234806,252.12726671076587,696.8256182431139,0.0,0.0,2023-07-07
Axpo Grid AG,1823685.2551547438,418259.56332130433,2241944.8184760483,7010.0,37.0,2023-07-07
ESB,0.0,35409.581596232965,35409.581596232965,0.0,4.0,2023-07-07
Electricité de la Lienne SA,5606.259620619548,0.0,5606.259620619548,20.0,0.0,2023-07-07
Gougra,16419.41659074966,0.0,16419.41659074966,61.0,2.0,2023-07-07
IBC,10457.540317788076,35999.43641068028,46456.97672846836,25.0,4.0,2023-07-07
IWB,0.0,1137060.9322728321,1137060.9322728321,0.0,145.0,2023-07-07
SEG,15685.305674601797,7663.694949527551,23349.00062412935,339.0,3.0,2023-07-07
Swissgrid,10502450.661044762,85558.46892887582,10588009.129973637,11975.0,134.0,2023-07-07
Valgrid,257250.47985688612,68782.69022418243,326033.1700810685,1558.0,51.0,2023-07-07
AEK,0.0,9755.083212813313,9755.083212813313,0.0,0.0,2023-07-08
Alu Infra,444.69835153234806,252.12726671076587,696.8256182431139,0.0,0.0,2023-07-08
Axpo Grid AG,1823685.2551547438,418259.56332130433,2241944.8184760483,7010.0,37.0,2023-07-08
BKW,57999.46830804128,0.0,57999.46830804128,55.0,3.0,2023-07-08
ESB,0.0,35409.581596232965,35409.581596232965,0.0,4.0,2023-07-08
Electricité de la Lienne SA,5606.259620619548,0.0,5606.259620619548,20.0,0.0,2023-07-08
Energie Wasser Bern,75462.0213267741,114797.6672324003,190259.68855917442,144.0,0.0,2023-07-08
Gougra,16419.41659074966,0.0,16419.41659074966,61.0,2.0,2023-07-08
IBC,10457.540317788076,35999.43641068028,46456.97672846836,25.0,4.0,2023-07-08
IWB,0.0,1137060.9322728321,1137060.9322728321,0.0,145.0,2023-07-08
SEG,15685.305674601797,7663.694949527551,23349.00062412935,339.0,3.0,2023-07-08
Swissgrid,10502450.661044762,85558.46892887582,10588009.129973637,11975.0,134.0,2023-07-08
Teileigentum ewb,29000.444101585123,0.0,29000.444101585123,0.0,0.0,2023-07-08
Valgrid,257250.47985688612,68782.69022418243,326033.1700810685,1558.0,51.0,2023-07-08
AEK,0.0,9755.083212813313,9755.083212813313,0.0,0.0,2023-07-09
Alu Infra,444.69835153234806,252.12726671076587,696.8256182431139,0.0,0.0,2023-07-09
Axpo Grid AG,1823685.2551547438,418259.56332130433,2241944.8184760483,7010.0,37.0,2023-07-09
BKW,57999.46830804128,0.0,57999.46830804128,55.0,3.0,2023-07-09
ESB,0.0,35409.581596232965,35409.581596232965,0.0,4.0,2023-07-09
Electricité de la Lienne SA,5606.259620619548,0.0,5606.259620619548,20.0,0.0,2023-07-09
Energie Wasser Bern,75462.0213267741,114797.6672324003,190259.68855917442,144.0,0.0,2023-07-09
Gougra,16419.41659074966,0.0,16419.41659074966,61.0,2.0,2023-07-09
IBC,10457.540317788076,35999.43641068028,46456.97672846836,25.0,4.0,2023-07-09
IWB,0.0,1137060.9322728321,1137060.9322728321,0.0,145.0,2023-07-09
SEG,15685.305674601797,7663.694949527551,23349.00062412935,339.0,3.0,2023-07-09
Swissgrid,10502450.661044762,85558.46892887582,10588009.129973637,11975.0,134.0,2023-07-09
Teileigentum ewb,29000.444101585123,0.0,29000.444101585123,0.0,0.0,2023-07-09
Valgrid,257250.47985688612,68782.69022418243,326033.1700810685,1558.0,51.0,2023-07-09
AEK,0.0,9755.083212813313,9755.083212813313,0.0,0.0,2023-07-10
Alu Infra,444.69835153234806,252.12726671076587,696.8256182431139,0.0,0.0,2023-07-10
Axpo Grid AG,1823685.2551547438,418259.56332130433,2241944.8184760483,7010.0,37.0,2023-07-10
BKW,57999.46830804128,0.0,57999.46830804128,55.0,3.0,2023-07-10
ESB,0.0,35409.581596232965,35409.581596232965,0.0,4.0,2023-07-10
Electricité de la Lienne SA,5606.259620619548,0.0,5606.259620619548,20.0,0.0,2023-07-10
Energie Wasser Bern,75462.0213267741,114797.6672324003,190259.68855917442,144.0,0.0,2023-07-10
Gougra,16419.41659074966,0.0,16419.41659074966,61.0,2.0,2023-07-10
IBC,10457.540317788076,35999.43641068028,46456.97672846836,25.0,4.0,2023-07-10
IWB,0.0,1137060.9322728321,1137060.9322728321,0.0,145.0,2023-07-10
SEG,15685.305674601797,7663.694949527551,23349.00062412935,339.0,3.0,2023-07-10
Swissgrid,10502450.661044762,85558.46892887582,10588009.129973637,11975.0,134.0,2023-07-10
Teileigentum ewb,29000.444101585123,0.0,29000.444101585123,0.0,0.0,2023-07-10
Valgrid,257250.47985688612,68782.69022418243,326033.1700810685,1558.0,51.0,2023-07-10
AEK,0.0,9755.083212813313,9755.083212813313,0.0,0.0,2023-07-11
Alu Infra,444.69835153234806,252.12726671076587,696.8256182431139,0.0,0.0,2023-07-11
Axpo Grid AG,1823685.2551547438,418259.56332130433,2241944.8184760483,7010.0,37.0,2023-07-11
BKW,57999.46830804128,0.0,57999.46830804128,55.0,3.0,2023-07-11
ESB,0.0,35409.581596232965,35409.581596232965,0.0,4.0,2023-07-11
Electricité de la Lienne SA,5606.259620619548,0.0,5606.259620619548,20.0,0.0,2023-07-11
Energie Wasser Bern,75462.0213267741,114797.6672324003,190259.68855917442,144.0,0.0,2023-07-11
Gougra,16419.41659074966,0.0,16419.41659074966,61.0,2.0,2023-07-11
IBC,10457.540317788076,35999.43641068028,46456.97672846836,25.0,4.0,2023-07-11
IWB,0.0,1137060.9322728321,1137060.9322728321,0.0,145.0,2023-07-11
SEG,15685.305674601797,7663.694949527551,23349.00062412935,339.0,3.0,2023-07-11
Swissgrid,10502450.661044762,85558.46892887582,10588009.129973637,11975.0,134.0,2023-07-11
Teileigentum ewb,29000.444101585123,0.0,29000.444101585123,0.0,0.0,2023-07-11
Valgrid,257250.47985688612,68782.69022418243,326033.1700810685,1558.0,51.0,2023-07-11
AEK,0.0,9755.083212813313,9755.083212813313,0.0,0.0,2023-07-12
Alu Infra,444.69835153234806,252.12726671076587,696.8256182431139,0.0,0.0,2023-07-12
Axpo Grid AG,1823685.2551547438,418259.56332130433,2241944.8184760483,7010.0,37.0,2023-07-12
BKW,57999.46830804128,0.0,57999.46830804128,55.0,3.0,2023-07-12
ESB,0.0,35409.581596232965,35409.581596232965,0.0,4.0,2023-07-12
Electricité de la Lienne SA,5606.259620619548,0.0,5606.259620619548,20.0,0.0,2023-07-12
Energie Wasser Bern,75462.0213267741,114797.6672324003,190259.68855917442,144.0,0.0,2023-07-12
Gougra,16419.41659074966,0.0,16419.41659074966,61.0,2.0,2023-07-12
IBC,10457.540317788076,35999.43641068028,46456.97672846836,25.0,4.0,2023-07-12
IWB,0.0,1137060.9322728321,1137060.9322728321,0.0,145.0,2023-07-12
SEG,15685.305674601797,7663.694949527551,23349.00062412935,339.0,3.0,2023-07-12
Swissgrid,10502450.661044762,85558.46892887582,10588009.129973637,11975.0,134.0,2023-07-12
Teileigentum ewb,29000.444101585123,0.0,29000.444101585123,0.0,0.0,2023-07-12
Valgrid,257250.47985688612,68782.69022418243,326033.1700810685,1558.0,51.0,2023-07-12
AEK,0.0,9755.083212813313,9755.083212813313,0.0,0.0,2023-07-13
Alu Infra,444.69835153234806,252.12726671076587,696.8256182431139,0.0,0.0,2023-07-13
Axpo Grid AG,1823685.2551547438,418259.56332130433,2241944.8184760483,7010.0,37.0,2023-07-13
BKW,57999.46830804128,0.0,57999.46830804128,55.0,3.0,2023-07-13
ESB,0.0,35409.581596232965,35409.581596232965,0.0,4.0,2023-07-13
Electricité de la Lienne SA,5606.259620619548,0.0,5606.259620619548,20.0,0.0,2023-07-13
Energie Wasser Bern,75462.0213267741,114797.6672324003,190259.68855917442,144.0,0.0,2023-07-13
Gougra,16419.41659074966,0.0,16419.41659074966,61.0,2.0,2023-07-13
IBC,10457.540317788076,35999.43641068028,46456.97672846836,25.0,4.0,2023-07-13
IWB,0.0,1137060.9322728321,1137060.9322728321,0.0,145.0,2023-07-13
SEG,15685.305674601797,7663.694949527551,23349.00062412935,339.0,3.0,2023-07-13
Swissgrid,10502450.661044762,85558.46892887582,10588009.129973637,11975.0,134.0,2023-07-13
Teileigentum ewb,29000.444101585123,0.0,29000.444101585123,0.0,0.0,2023-07-13
Valgrid,257250.47985688612,68782.69022418243,326033.1700810685,1558.0,51.0,2023-07-13
AEK,0.0,9755.083212813313,9755.083212813313,0.0,0.0,2023-07-14
AET,231792.4194658748,39345.75460387025,271138.17406974506,597.0,8.0,2023-07-14
Alu Infra,444.69835153234806,252.12726671076587,696.8256182431139,0.0,0.0,2023-07-14
Axpo Grid AG,1823685.2551547438,418259.56332130433,2241944.8184760483,7010.0,37.0,2023-07-14
BKW,57999.46830804128,0.0,57999.46830804128,55.0,3.0,2023-07-14
ESB,0.0,35409.581596232965,35409.581596232965,0.0,4.0,2023-07-14
Electricité de la Lienne SA,5606.259620619548,0.0,5606.259620619548,20.0,0.0,2023-07-14
Energie Wasser Bern,75462.0213267741,114797.6672324003,190259.68855917442,144.0,0.0,2023-07-14
Gougra,16419.41659074966,0.0,16419.41659074966,61.0,2.0,2023-07-14
IBC,10457.540317788076,35999.43641068028,46456.97672846836,25.0,4.0,2023-07-14
IWB,0.0,1137060.9322728321,1137060.9322728321,0.0,145.0,2023-07-14
SEG,15685.305674601797,7663.694949527551,23349.00062412935,339.0,3.0,2023-07-14
Swissgrid,10502450.661044762,85558.46892887582,10588009.129973637,12074.0,134.0,2023-07-14
Teileigentum ewb,29000.444101585123,0.0,29000.444101585123,0.0,0.0,2023-07-14
Valgrid,257250.47985688612,68782.69022418243,326033.1700810685,1558.0,51.0,2023-07-14
AEK,0.0,9755.083212813313,9755.083212813313,0.0,0.0,2023-07-15
AET,231792.4194658748,39345.75460387025,271138.17406974506,597.0,8.0,2023-07-15
Alu Infra,444.69835153234806,252.12726671076587,696.8256182431139,0.0,0.0,2023-07-15
Axpo Grid AG,1823685.2551547438,418259.56332130433,2241944.8184760483,7010.0,37.0,2023-07-15
BKW,57999.46830804128,0.0,57999.46830804128,55.0,3.0,2023-07-15
ESB,0.0,35409.581596232965,35409.581596232965,0.0,4.0,2023-07-15
Electricité de la Lienne SA,5606.259620619548,0.0,5606.259620619548,20.0,0.0,2023-07-15
Energie Wasser Bern,75462.0213267741,114797.6672324003,190259.68855917442,144.0,0.0,2023-07-15
Gougra,16419.41659074966,0.0,16419.41659074966,61.0,2.0,2023-07-15
IBC,10457.540317788076,35999.43641068028,46456.97672846836,25.0,4.0,2023-07-15
IWB,0.0,1137060.9322728321,1137060.9322728321,0.0,145.0,2023-07-15
SEG,15685.305674601797,7663.694949527551,23349.00062412935,339.0,3.0,2023-07-15
Swissgrid,10502450.661044762,85558.46892887582,10588009.129973637,12074.0,134.0,2023-07-15
Teileigentum ewb,29000.444101585123,0.0,29000.444101585123,0.0,0.0,2023-07-15
Valgrid,257250.47985688612,68782.69022418243,326033.1700810685,1558.0,51.0,2023-07-15
AEK,0.0,9755.083212813313,9755.083212813313,0.0,0.0,2023-07-16
AET,231792.4194658748,39345.75460387025,271138.17406974506,597.0,8.0,2023-07-16
Alu Infra,444.69835153234806,252.12726671076587,696.8256182431139,0.0,0.0,2023-07-16
Axpo Grid AG,1823685.2551547438,418259.56332130433,2241944.8184760483,7010.0,37.0,2023-07-16
BKW,57999.46830804128,0.0,57999.46830804128,55.0,3.0,2023-07-16
ESB,0.0,35409.581596232965,35409.581596232965,0.0,4.0,2023-07-16
Electricité de la Lienne SA,5606.259620619548,0.0,5606.259620619548,20.0,0.0,2023-07-16
Energie Wasser Bern,75462.0213267741,114797.6672324003,190259.68855917442,144.0,0.0,2023-07-16
Gougra,16419.41659074966,0.0,16419.41659074966,61.0,2.0,2023-07-16
IBC,10457.540317788076,35999.43641068028,46456.97672846836,25.0,4.0,2023-07-16
IWB,0.0,1137060.9322728321,1137060.9322728321,0.0,145.0,2023-07-16
SEG,15685.305674601797,7663.694949527551,23349.00062412935,339.0,3.0,2023-07-16
Swissgrid,10502450.661044762,85558.46892887582,10588009.129973637,12074.0,134.0,2023-07-16
Teileigentum ewb,29000.444101585123,0.0,29000.444101585123,0.0,0.0,2023-07-16
Valgrid,257250.47985688612,68782.69022418243,326033.1700810685,1558.0,51.0,2023-07-16
AEK,0.0,9755.083212813313,9755.083212813313,0.0,0.0,2023-07-17
AET,231792.4194658748,39345.75460387025,271138.17406974506,597.0,8.0,2023-07-17
Alu Infra,444.69835153234806,252.12726671076587,696.8256182431139,0.0,0.0,2023-07-17
Axpo Grid AG,1823685.2551547438,418259.56332130433,2241944.8184760483,7010.0,37.0,2023-07-17
BKW,57999.46830804128,0.0,57999.46830804128,55.0,3.0,2023-07-17
ESB,0.0,35409.581596232965,35409.581596232965,0.0,4.0,2023-07-17
Electricité de la Lienne SA,5606.259620619548,0.0,5606.259620619548,20.0,0.0,2023-07-17
Energie Wasser Bern,75462.0213267741,114797.6672324003,190259.68855917442,144.0,0.0,2023-07-17
Gougra,16419.41659074966,0.0,16419.41659074966,61.0,2.0,2023-07-17
IBC,10457.540317788076,35999.43641068028,46456.97672846836,25.0,4.0,2023-07-17
IWB,0.0,1137060.9322728321,1137060.9322728321,0.0,145.0,2023-07-17
SEG,15685.305674601797,7663.694949527551,23349.00062412935,339.0,3.0,2023-07-17
Swissgrid,10502450.661044762,85558.46892887582,10588009.129973637,12074.0,134.0,2023-07-17
Teileigentum ewb,29000.444101585123,0.0,29000.444101585123,0.0,0.0,2023-07-17
Valgrid,257250.47985688612,68782.69022418243,326033.1700810685,1558.0,51.0,2023-07-17
AEK,0.0,9755.083212813313,9755.083212813313,0.0,0.0,2023-07-18
AET,231792.4194658748,39345.75460387025,271138.17406974506,597.0,8.0,2023-07-18
Alu Infra,444.69835153234806,252.12726671076587,696.8256182431139,0.0,0.0,2023-07-18
Axpo Grid AG,1823685.2551547438,418259.56332130433,2241944.8184760483,7010.0,37.0,2023-07-18
BKW,57999.46830804128,0.0,57999.46830804128,55.0,3.0,2023-07-18
ESB,0.0,35409.581596232965,35409.581596232965,0.0,4.0,2023-07-18
Electricité de la Lienne SA,5606.259620619548,0.0,5606.259620619548,20.0,0.0,2023-07-18
Energie Wasser Bern,75462.0213267741,114797.6672324003,190259.68855917442,144.0,0.0,2023-07-18
Gougra,16419.41659074966,0.0,16419.41659074966,61.0,2.0,2023-07-18
IBC,10457.540317788076,35999.43641068028,46456.97672846836,25.0,4.0,2023-07-18
IWB,0.0,1137060.9322728321,1137060.9322728321,0.0,145.0,2023-07-18
SEG,15685.305674601797,7663.694949527551,23349.00062412935,339.0,3.0,2023-07-18
Swissgrid,10502450.661044762,85558.46892887582,10588009.129973637,12074.0,134.0,2023-07-18
Teileigentum ewb,29000.444101585123,0.0,29000.444101585123,0.0,0.0,2023-07-18
Valgrid,257250.47985688612,68782.69022418243,326033.1700810685,1558.0,51.0,2023-07-18
AEK,0.0,9755.083212813313,9755.083212813313,0.0,0.0,2023-07-19
AET,231792.4194658748,39345.75460387025,271138.17406974506,597.0,8.0,2023-07-19
Alu Infra,444.69835153234806,252.12726671076587,696.8256182431139,0.0,0.0,2023-07-19
Axpo Grid AG,1823685.2551547438,418259.56332130433,2241944.8184760483,7010.0,37.0,2023-07-19
BKW,57999.46830804128,0.0,57999.46830804128,55.0,3.0,2023-07-19
ESB,0.0,35409.581596232965,35409.581596232965,0.0,4.0,2023-07-19
Electricité de la Lienne SA,5606.259620619548,0.0,5606.259620619548,20.0,0.0,2023-07-19
Energie Wasser Bern,75462.0213267741,114797.6672324003,190259.68855917442,144.0,0.0,2023-07-19
Gougra,16419.41659074966,0.0,16419.41659074966,61.0,2.0,2023-07-19
IBC,10457.540317788076,35999.43641068028,46456.97672846836,25.0,4.0,2023-07-19
IWB,0.0,1137060.9322728321,1137060.9322728321,0.0,145.0,2023-07-19
SEG,15685.305674601797,7663.694949527551,23349.00062412935,339.0,3.0,2023-07-19
Swissgrid,10502450.661044762,85558.46892887582,10588009.129973637,12074.0,134.0,2023-07-19
Teileigentum ewb,29000.444101585123,0.0,29000.444101585123,0.0,0.0,2023-07-19
Valgrid,257250.47985688612,68782.69022418243,326033.1700810685,1558.0,51.0,2023-07-19
AEK,0.0,9755.083212813313,9755.083212813313,0.0,0.0,2023-07-20
AET,231792.4194658748,39345.75460387025,271138.17406974506,597.0,8.0,2023-07-20
Alu Infra,444.69835153234806,252.12726671076587,696.8256182431139,0.0,0.0,2023-07-20
Axpo Grid AG,1823685.2551547438,418259.56332130433,2241944.8184760483,7010.0,37.0,2023-07-20
BKW,57999.46830804128,0.0,57999.46830804128,55.0,3.0,2023-07-20
ESB,0.0,35409.581596232965,35409.581596232965,0.0,4.0,2023-07-20
Electricité de la Lienne SA,5606.259620619548,0.0,5606.259620619548,20.0,0.0,2023-07-20
Energie Wasser Bern,75462.0213267741,114797.6672324003,190259.68855917442,144.0,0.0,2023-07-20
Gougra,16419.41659074966,0.0,16419.41659074966,61.0,2.0,2023-07-20
IBC,10457.540317788076,35999.43641068028,46456.97672846836,25.0,4.0,2023-07-20
IWB,0.0,1137060.9322728321,1137060.9322728321,0.0,145.0,2023-07-20
SEG,15685.305674601797,7663.694949527551,23349.00062412935,339.0,3.0,2023-07-20
Swissgrid,10502450.661044762,85558.46892887582,10588009.129973637,12074.0,134.0,2023-07-20
Teileigentum ewb,29000.444101585123,0.0,29000.444101585123,0.0,0.0,2023-07-20
Valgrid,257250.47985688612,68782.69022418243,326033.1700810685,1558.0,51.0,2023-07-20
AEK,0.0,9755.083212813313,9755.083212813313,0.0,0.0,2023-07-21
AET,231792.4194658748,39345.75460387025,271138.17406974506,597.0,8.0,2023-07-21
Alu Infra,444.69835153234806,252.12726671076587,696.8256182431139,0.0,0.0,2023-07-21
Axpo Grid AG,1823685.2551547438,418259.56332130433,2241944.8184760483,7010.0,37.0,2023-07-21
BKW,57999.46830804128,0.0,57999.46830804128,55.0,3.0,2023-07-21
ESB,0.0,35409.581596232965,35409.581596232965,0.0,4.0,2023-07-21
Electricité de la Lienne SA,5606.259620619548,0.0,5606.259620619548,20.0,0.0,2023-07-21
Energie Wasser Bern,75462.0213267741,114797.6672324003,190259.68855917442,144.0,0.0,2023-07-21
Gougra,16419.41659074966,0.0,16419.41659074966,61.0,2.0,2023-07-21
IBC,10457.540317788076,35999.43641068028,46456.97672846836,25.0,4.0,2023-07-21
IWB,0.0,1137060.9322728321,1137060.9322728321,0.0,145.0,2023-07-21
SEG,15685.305674601797,7663.694949527551,23349.00062412935,339.0,3.0,2023-07-21
Swissgrid,10502450.661044762,85558.46892887582,10588009.129973637,12074.0,134.0,2023-07-21
Teileigentum ewb,29000.444101585123,0.0,29000.444101585123,0.0,0.0,2023-07-21
Valgrid,257250.47985688612,68782.69022418243,326033.1700810685,1558.0,51.0,2023-07-21
AEK,0.0,9755.083212813313,9755.083212813313,0.0,0.0,2023-07-22
AET,231792.4194658748,39345.75460387025,271138.17406974506,597.0,8.0,2023-07-22
Alu Infra,444.69835153234806,252.12726671076587,696.8256182431139,0.0,0.0,2023-07-22
Axpo Grid AG,1823685.2551547438,418259.56332130433,2241944.8184760483,7010.0,37.0,2023-07-22
BKW,57999.46830804128,0.0,57999.46830804128,55.0,3.0,2023-07-22
ESB,0.0,35409.581596232965,35409.581596232965,0.0,4.0,2023-07-22
Electricité de la Lienne SA,5606.259620619548,0.0,5606.259620619548,20.0,0.0,2023-07-22
Energie Wasser Bern,75462.0213267741,114797.6672324003,190259.68855917442,144.0,0.0,2023-07-22
Gougra,16419.41659074966,0.0,16419.41659074966,61.0,2.0,2023-07-22
IBC,10457.540317788076,35999.43641068028,46456.97672846836,25.0,4.0,2023-07-22
IWB,0.0,1137060.9322728321,1137060.9322728321,0.0,145.0,2023-07-22
SEG,15685.305674601797,7663.694949527551,23349.00062412935,339.0,3.0,2023-07-22
Swissgrid,10502450.661044762,85558.46892887582,10588009.129973637,12074.0,134.0,2023-07-22
Teileigentum ewb,29000.444101585123,0.0,29000.444101585123,0.0,0.0,2023-07-22
Valgrid,257250.47985688612,68782.69022418243,326033.1700810685,1558.0,51.0,2023-07-22
AEK,0.0,9755.083212813313,9755.083212813313,0.0,0.0,2023-07-23
AET,231792.4194658748,39345.75460387025,271138.17406974506,597.0,8.0,2023-07-23
Alu Infra,444.69835153234806,252.12726671076587,696.8256182431139,0.0,0.0,2023-07-23
Axpo Grid AG,1823685.2551547438,418259.56332130433,2241944.8184760483,7010.0,37.0,2023-07-23
BKW,57999.46830804128,0.0,57999.46830804128,55.0,3.0,2023-07-23
ESB,0.0,35409.581596232965,35409.581596232965,0.0,4.0,2023-07-23
Electricité de la Lienne SA,5606.259620619548,0.0,5606.259620619548,20.0,0.0,2023-07-23
Energie Wasser Bern,75462.0213267741,114797.6672324003,190259.68855917442,144.0,0.0,2023-07-23
Gougra,16419.41659074966,0.0,16419.41659074966,61.0,2.0,2023-07-23
IBC,10457.540317788076,35999.43641068028,46456.97672846836,25.0,4.0,2023-07-23
IWB,0.0,1137060.9322728321,1137060.9322728321,0.0,145.0,2023-07-23
SEG,15685.305674601797,7663.694949527551,23349.00062412935,339.0,3.0,2023-07-23
Swissgrid,10502450.661044762,85558.46892887582,10588009.129973637,12074.0,134.0,2023-07-23
Teileigentum ewb,29000.444101585123,0.0,29000.444101585123,0.0,0.0,2023-07-23
Valgrid,257250.47985688612,68782.69022418243,326033.1700810685,1558.0,51.0,2023-07-23
AEK,0.0,9755.083212813313,9755.083212813313,0.0,0.0,2023-07-24
AET,231792.4194658748,39345.75460387025,271138.17406974506,597.0,8.0,2023-07-24
Alu Infra,444.69835153234806,252.12726671076587,696.8256182431139,0.0,0.0,2023-07-24
Axpo Grid AG,1823685.2551547438,418259.56332130433,2241944.8184760483,7010.0,37.0,2023-07-24
BKW,57999.46830804128,0.0,57999.46830804128,55.0,3.0,2023-07-24
ESB,0.0,35409.581596232965,35409.581596232965,0.0,4.0,2023-07-24
Electricité de la Lienne SA,5606.259620619548,0.0,5606.259620619548,20.0,0.0,2023-07-24
Energie Wasser Bern,75462.0213267741,114797.6672324003,190259.68855917442,144.0,0.0,2023-07-24
Gougra,16419.41659074966,0.0,16419.41659074966,61.0,2.0,2023-07-24
IBC,10457.540317788076,35999.43641068028,46456.97672846836,25.0,4.0,2023-07-24
IWB,0.0,1137060.9322728321,1137060.9322728321,0.0,145.0,2023-07-24
SEG,15685.305674601797,7663.694949527551,23349.00062412935,339.0,3.0,2023-07-24
Swissgrid,10502450.661044762,85558.46892887582,10588009.129973637,12074.0,134.0,2023-07-24
Teileigentum ewb,29000.444101585123,0.0,29000.444101585123,0.0,0.0,2023-07-24
Valgrid,257250.47985688612,68782.69022418243,326033.1700810685,1558.0,51.0,2023-07-24
AEK,0.0,9755.083212813313,9755.083212813313,0.0,0.0,2023-07-25
AET,231792.4194658748,39345.75460387025,271138.17406974506,597.0,8.0,2023-07-25
Alu Infra,444.69835153234806,252.12726671076587,696.8256182431139,0.0,0.0,2023-07-25
Axpo Grid AG,1823685.2551547438,418259.56332130433,2241944.8184760483,7010.0,37.0,2023-07-25
BKW,57999.46830804128,0.0,57999.46830804128,55.0,3.0,2023-07-25
ESB,0.0,35409.581596232965,35409.581596232965,0.0,4.0,2023-07-25
Electricité de la Lienne SA,5606.259620619548,0.0,5606.259620619548,20.0,0.0,2023-07-25
Energie Wasser Bern,75462.0213267741,114797.6672324003,190259.68855917442,144.0,0.0,2023-07-25
Gougra,16419.41659074966,0.0,16419.41659074966,61.0,2.0,2023-07-25
IBC,10457.540317788076,35999.43641068028,46456.97672846836,25.0,4.0,2023-07-25
IWB,0.0,1137060.9322728321,1137060.9322728321,0.0,145.0,2023-07-25
SEG,15685.305674601797,7663.694949527551,23349.00062412935,339.0,3.0,2023-07-25
Swissgrid,10502450.661044762,85558.46892887582,10588009.129973637,12074.0,134.0,2023-07-25
Teileigentum ewb,29000.444101585123,0.0,29000.444101585123,0.0,0.0,2023-07-25
Valgrid,257250.47985688612,68782.69022418243,326033.1700810685,1558.0,51.0,2023-07-25
AEK,0.0,9755.083212813313,9755.083212813313,0.0,0.0,2023-07-26
AET,231792.4194658748,39345.75460387025,271138.17406974506,597.0,8.0,2023-07-26
Alu Infra,444.69835153234806,252.12726671076587,696.8256182431139,0.0,0.0,2023-07-26
Axpo Grid AG,1823685.2551547438,418259.56332130433,2241944.8184760483,7010.0,37.0,2023-07-26
BKW,57999.46830804128,0.0,57999.46830804128,55.0,3.0,2023-07-26
ESB,0.0,35409.581596232965,35409.581596232965,0.0,4.0,2023-07-26
Electricité de la Lienne SA,5606.259620619548,0.0,5606.259620619548,20.0,0.0,2023-07-26
Energie Wasser Bern,75462.0213267741,114797.6672324003,190259.68855917442,144.0,0.0,2023-07-26
Gougra,16419.41659074966,0.0,16419.41659074966,61.0,2.0,2023-07-26
IBC,10457.540317788076,35999.43641068028,46456.97672846836,25.0,4.0,2023-07-26
IWB,0.0,1137060.9322728321,1137060.9322728321,0.0,145.0,2023-07-26
SEG,15685.305674601797,7663.694949527551,23349.00062412935,339.0,3.0,2023-07-26
Swissgrid,10502450.661044762,85558.46892887582,10588009.129973637,12074.0,134.0,2023-07-26
Teileigentum ewb,29000.444101585123,0.0,29000.444101585123,0.0,0.0,2023-07-26
Valgrid,257250.47985688612,68782.69022418243,326033.1700810685,1558.0,51.0,2023-07-26
AEK,0.0,9755.083212813313,9755.083212813313,0.0,0.0,2023-07-27
AET,231792.4194658748,39345.75460387025,271138.17406974506,597.0,8.0,2023-07-27
Alu Infra,444.69835153234806,252.12726671076587,696.8256182431139,0.0,0.0,2023-07-27
Axpo Grid AG,1823685.2551547438,418259.56332130433,2241944.8184760483,7010.0,37.0,2023-07-27
BKW,57999.46830804128,0.0,57999.46830804128,55.0,3.0,2023-07-27
ESB,0.0,35409.581596232965,35409.581596232965,0.0,4.0,2023-07-27
Electricité de la Lienne SA,5606.259620619548,0.0,5606.259620619548,20.0,0.0,2023-07-27
Energie Wasser Bern,75462.0213267741,114797.6672324003,190259.68855917442,144.0,0.0,2023-07-27
Gougra,16419.41659074966,0.0,16419.41659074966,61.0,2.0,2023-07-27
IBC,10457.540317788076,35999.43641068028,46456.97672846836,25.0,4.0,2023-07-27
IWB,0.0,1137060.9322728321,1137060.9322728321,0.0,145.0,2023-07-27
SEG,15685.305674601797,7663.694949527551,23349.00062412935,339.0,3.0,2023-07-27
Swissgrid,10502450.661044762,85558.46892887582,10588009.129973637,12074.0,134.0,2023-07-27
Teileigentum ewb,29000.444101585123,0.0,29000.444101585123,0.0,0.0,2023-07-27
Valgrid,257250.47985688612,68782.69022418243,326033.1700810685,1558.0,51.0,2023-07-27
AEK,0.0,9755.083212813313,9755.083212813313,0.0,0.0,2023-07-28
AET,231792.4194658748,39345.75460387025,271138.17406974506,597.0,8.0,2023-07-28
Alu Infra,444.69835153234806,252.12726671076587,696.8256182431139,0.0,0.0,2023-07-28
Axpo Grid AG,1823685.2551547438,418259.56332130433,2241944.8184760483,7010.0,37.0,2023-07-28
BKW,57999.46830804128,0.0,57999.46830804128,55.0,3.0,2023-07-28
ESB,0.0,35409.581596232965,35409.581596232965,0.0,4.0,2023-07-28
Electricité de la Lienne SA,5606.259620619548,0.0,5606.259620619548,20.0,0.0,2023-07-28
Energie Wasser Bern,75462.0213267741,114797.6672324003,190259.68855917442,144.0,0.0,2023-07-28
Gougra,16419.41659074966,0.0,16419.41659074966,61.0,2.0,2023-07-28
IBC,10457.540317788076,35999.43641068028,46456.97672846836,25.0,4.0,2023-07-28
IWB,0.0,1137060.9322728321,1137060.9322728321,0.0,145.0,2023-07-28
SEG,15685.305674601797,7663.694949527551,23349.00062412935,339.0,3.0,2023-07-28
Swissgrid,10502450.661044762,85558.46892887582,10588009.129973637,12074.0,134.0,2023-07-28
Teileigentum ewb,29000.444101585123,0.0,29000.444101585123,0.0,0.0,2023-07-28
Valgrid,257250.47985688612,68782.69022418243,326033.1700810685,1558.0,51.0,2023-07-28
AEK,0.0,9755.083212813313,9755.083212813313,0.0,0.0,2023-07-29
AET,231792.4194658748,39345.75460387025,271138.17406974506,597.0,8.0,2023-07-29
Alu Infra,444.69835153234806,252.12726671076587,696.8256182431139,0.0,0.0,2023-07-29
Axpo Grid AG,1823685.2551547438,418259.56332130433,2241944.8184760483,7010.0,37.0,2023-07-29
BKW,57999.46830804128,0.0,57999.46830804128,55.0,3.0,2023-07-29
ESB,0.0,35409.581596232965,35409.581596232965,0.0,4.0,2023-07-29
Electricité de la Lienne SA,5606.259620619548,0.0,5606.259620619548,20.0,0.0,2023-07-29
Energie Wasser Bern,75462.0213267741,114797.6672324003,190259.68855917442,144.0,0.0,2023-07-29
Gougra,16419.41659074966,0.0,16419.41659074966,61.0,2.0,2023-07-29
IBC,10457.540317788076,35999.43641068028,46456.97672846836,25.0,4.0,2023-07-29
IWB,0.0,1137060.9322728321,1137060.9322728321,0.0,145.0,2023-07-29
SEG,15685.305674601797,7663.694949527551,23349.00062412935,339.0,3.0,2023-07-29
Swissgrid,10502450.661044762,85558.46892887582,10588009.129973637,12074.0,134.0,2023-07-29
Teileigentum ewb,29000.444101585123,0.0,29000.444101585123,0.0,0.0,2023-07-29
Valgrid,257250.47985688612,68782.69022418243,326033.1700810685,1558.0,51.0,2023-07-29
AEK,0.0,9755.083212813313,9755.083212813313,0.0,0.0,2023-07-30
AET,231792.4194658748,39345.75460387025,271138.17406974506,597.0,8.0,2023-07-30
Alu Infra,444.69835153234806,252.12726671076587,696.8256182431139,0.0,0.0,2023-07-30
Axpo Grid AG,1823685.2551547438,418259.56332130433,2241944.8184760483,7010.0,37.0,2023-07-30
BKW,57999.46830804128,0.0,57999.46830804128,55.0,3.0,2023-07-30
ESB,0.0,35409.581596232965,35409.581596232965,0.0,4.0,2023-07-30
Electricité de la Lienne SA,5606.259620619548,0.0,5606.259620619548,20.0,0.0,2023-07-30
Energie Wasser Bern,75462.0213267741,114797.6672324003,190259.68855917442,144.0,0.0,2023-07-30
Gougra,16419.41659074966,0.0,16419.41659074966,61.0,2.0,2023-07-30
IBC,10457.540317788076,35999.43641068028,46456.97672846836,25.0,4.0,2023-07-30
IWB,0.0,1137060.9322728321,1137060.9322728321,0.0,145.0,2023-07-30
SEG,15685.305674601797,7663.694949527551,23349.00062412935,339.0,3.0,2023-07-30
Swissgrid,10502450.661044762,85558.46892887582,10588009.129973637,12074.0,134.0,2023-07-30
Teileigentum ewb,29000.444101585123,0.0,29000.444101585123,0.0,0.0,2023-07-30
Valgrid,257250.47985688612,68782.69022418243,326033.1700810685,1558.0,51.0,2023-07-30
AEK,0.0,9755.083212813313,9755.083212813313,0.0,0.0,2023-07-31
AET,231792.4194658748,39345.75460387025,271138.17406974506,597.0,8.0,2023-07-31
Alu Infra,444.69835153234806,252.12726671076587,696.8256182431139,0.0,0.0,2023-07-31
Axpo Grid AG,1823685.2551547438,418259.56332130433,2241944.8184760483,7010.0,37.0,2023-07-31
BKW,57999.46830804128,0.0,57999.46830804128,55.0,3.0,2023-07-31
ESB,0.0,35409.581596232965,35409.581596232965,0.0,4.0,2023-07-31
Electricité de la Lienne SA,5606.259620619548,0.0,5606.259620619548,20.0,0.0,2023-07-31
Energie Wasser Bern,75462.0213267741,114797.6672324003,190259.68855917442,144.0,0.0,2023-07-31
Gougra,16419.41659074966,0.0,16419.41659074966,61.0,2.0,2023-07-31
IBC,10457.540317788076,35999.43641068028,46456.97672846836,25.0,4.0,2023-07-31
IWB,0.0,1137060.9322728321,1137060.9322728321,0.0,145.0,2023-07-31
SEG,15685.305674601797,7663.694949527551,23349.00062412935,339.0,3.0,2023-07-31
Swissgrid,10502450.661044762,85558.46892887582,10588009.129973637,12074.0,134.0,2023-07-31
Teileigentum ewb,29000.444101585123,0.0,29000.444101585123,0.0,0.0,2023-07-31
Valgrid,257250.47985688612,68782.69022418243,326033.1700810685,1558.0,51.0,2023-07-31
AEK,0.0,9755.083212813313,9755.083212813313,0.0,0.0,2023-08-01
AET,231792.4194658748,39345.75460387025,271138.17406974506,597.0,8.0,2023-08-01
Alu Infra,444.69835153234806,252.12726671076587,696.8256182431139,0.0,0.0,2023-08-01
Axpo Grid AG,1823685.2551547438,418259.56332130433,2241944.8184760483,7010.0,37.0,2023-08-01
BKW,57999.46830804128,0.0,57999.46830804128,55.0,3.0,2023-08-01
ESB,0.0,35409.581596232965,35409.581596232965,0.0,4.0,2023-08-01
Electricité de la Lienne SA,5606.259620619548,0.0,5606.259620619548,20.0,0.0,2023-08-01
Energie Wasser Bern,75462.0213267741,114797.6672324003,190259.68855917442,144.0,0.0,2023-08-01
Gougra,16419.41659074966,0.0,16419.41659074966,61.0,2.0,2023-08-01
IBC,10457.540317788076,35999.43641068028,46456.97672846836,25.0,4.0,2023-08-01
IWB,0.0,1137060.9322728321,1137060.9322728321,0.0,145.0,2023-08-01
SEG,15685.305674601797,7663.694949527551,23349.00062412935,339.0,3.0,2023-08-01
Swissgrid,10502450.661044762,85558.46892887582,10588009.129973637,12074.0,134.0,2023-08-01
Teileigentum ewb,29000.444101585123,0.0,29000.444101585123,0.0,0.0,2023-08-01
Valgrid,257250.47985688612,68782.69022418243,326033.1700810685,1558.0,51.0,2023-08-01
AEK,0.0,9755.083212813313,9755.083212813313,0.0,0.0,2023-08-02
AET,231792.4194658748,39345.75460387025,271138.17406974506,597.0,8.0,2023-08-02
Alu Infra,444.69835153234806,252.12726671076587,696.8256182431139,0.0,0.0,2023-08-02
Axpo Grid AG,1823685.2551547438,418259.56332130433,2241944.8184760483,7010.0,37.0,2023-08-02
BKW,57999.46830804128,0.0,57999.46830804128,55.0,3.0,2023-08-02
ESB,0.0,35409.581596232965,35409.581596232965,0.0,4.0,2023-08-02
Electricité de la Lienne SA,5606.259620619548,0.0,5606.259620619548,20.0,0.0,2023-08-02
Energie Wasser Bern,75462.0213267741,114797.6672324003,190259.68855917442,144.0,0.0,2023-08-02
Gougra,16419.41659074966,0.0,16419.41659074966,61.0,2.0,2023-08-02
IBC,10457.540317788076,35999.43641068028,46456.97672846836,25.0,4.0,2023-08-02
IWB,0.0,1137060.9322728321,1137060.9322728321,0.0,145.0,2023-08-02
SEG,15685.305674601797,7663.694949527551,23349.00062412935,339.0,3.0,2023-08-02
Swissgrid,10502450.661044762,85558.46892887582,10588009.129973637,12074.0,134.0,2023-08-02
Teileigentum ewb,29000.444101585123,0.0,29000.444101585123,0.0,0.0,2023-08-02
Valgrid,257250.47985688612,68782.69022418243,326033.1700810685,1558.0,51.0,2023-08-02
AEK,0.0,9755.083212813313,9755.083212813313,0.0,0.0,2023-08-03
AET,231792.4194658748,39345.75460387025,271138.17406974506,597.0,8.0,2023-08-03
Alu Infra,444.69835153234806,252.12726671076587,696.8256182431139,0.0,0.0,2023-08-03
Axpo Grid AG,1823685.2551547438,418259.56332130433,2241944.8184760483,7010.0,37.0,2023-08-03
BKW,57999.46830804128,0.0,57999.46830804128,55.0,3.0,2023-08-03
ESB,0.0,35409.581596232965,35409.581596232965,0.0,4.0,2023-08-03
Electricité de la Lienne SA,5606.259620619548,0.0,5606.259620619548,20.0,0.0,2023-08-03
Energie Wasser Bern,75462.0213267741,114797.6672324003,190259.68855917442,144.0,0.0,2023-08-03
Gougra,16419.41659074966,0.0,16419.41659074966,61.0,2.0,2023-08-03
IBC,10457.540317788076,35999.43641068028,46456.97672846836,25.0,4.0,2023-08-03
IWB,0.0,1137060.9322728321,1137060.9322728321,0.0,145.0,2023-08-03
SEG,15685.305674601797,7663.694949527551,23349.00062412935,339.0,3.0,2023-08-03
Swissgrid,10502450.661044762,85558.46892887582,10588009.129973637,12074.0,134.0,2023-08-03
Teileigentum ewb,29000.444101585123,0.0,29000.444101585123,0.0,0.0,2023-08-03
Valgrid,257250.47985688612,68782.69022418243,326033.1700810685,1558.0,51.0,2023-08-03
AEK,0.0,9755.08820702385,9755.08820702385,0.0,0.0,2023-08-04
AET,231792.41946587156,39345.754603873145,271138.1740697447,597.0,8.0,2023-08-04
Alu Infra,444.6975299482358,252.1267510957916,696.8242810440274,0.0,0.0,2023-08-04
Axpo Grid AG,1823685.2619778712,418259.56455659826,2241944.8265344696,7010.0,37.0,2023-08-04
BKW,57999.468125895684,0.0,57999.468125895684,55.0,3.0,2023-08-04
ESB,0.0,35409.44623323066,35409.44623323066,0.0,4.0,2023-08-04
Electricité de la Lienne SA,5606.25918399392,0.0,5606.25918399392,20.0,0.0,2023-08-04
Energie Wasser Bern,75462.02132677477,114797.66203325875,190259.68336003352,144.0,0.0,2023-08-04
Gougra,16419.416214887326,0.0,16419.416214887326,61.0,2.0,2023-08-04
IBC,10457.540358991688,35999.402700956976,46456.943059948666,25.0,4.0,2023-08-04
IWB,0.0,1137052.2440794192,1137052.2440794192,0.0,145.0,2023-08-04
SEG,15685.30567460132,7663.694949527631,23349.000624128952,339.0,3.0,2023-08-04
Swissgrid,10502450.655926043,85558.47008376835,10588009.12600981,12074.0,134.0,2023-08-04
Teileigentum ewb,29000.44401050744,0.0,29000.44401050744,0.0,0.0,2023-08-04
Valgrid,257250.4788778996,68782.69444195235,326033.1733198519,1558.0,51.0,2023-08-04
AET / FFS,0.0,0.0,0.0,69.0,0.0,2023-08-04
Alu-Infra,0.0,0.0,0.0,3.0,0.0,2023-08-04
Swisscom / Swissgrid,0.0,0.0,0.0,68.0,0.0,2023-08-04
AET / AIL,0.0,0.0,0.0,0.0,1.0,2023-08-04
AET / AMB,0.0,0.0,0.0,0.0,2.0,2023-08-04
AET / SES,0.0,0.0,0.0,0.0,2.0,2023-08-04
EKT,0.0,0.0,0.0,0.0,15.0,2023-08-04
Regio Energie Solothurn,0.0,0.0,0.0,0.0,2.0,2023-08-04
AEK,0.0,9755.08820702385,9755.08820702385,0.0,0.0,2023-08-05
AET,231792.41946587156,39345.754603873145,271138.1740697447,597.0,8.0,2023-08-05
Alu Infra,444.6975299482358,252.1267510957916,696.8242810440274,0.0,0.0,2023-08-05
Axpo Grid AG,1823685.2619778712,418259.56455659826,2241944.8265344696,7010.0,37.0,2023-08-05
BKW,57999.468125895684,0.0,57999.468125895684,55.0,3.0,2023-08-05
ESB,0.0,35409.44623323066,35409.44623323066,0.0,4.0,2023-08-05
Electricité de la Lienne SA,5606.25918399392,0.0,5606.25918399392,20.0,0.0,2023-08-05
Energie Wasser Bern,75462.02132677477,114797.66203325875,190259.68336003352,144.0,0.0,2023-08-05
Gougra,16419.416214887326,0.0,16419.416214887326,61.0,2.0,2023-08-05
Groupe E,858286.2187120065,374392.2850653113,1232678.5037773177,3523.0,52.0,2023-08-05
Groupe E HT,0.0,329.3516198887597,329.3516198887597,0.0,0.0,2023-08-05
IBC,10457.540358991688,35999.402700956976,46456.943059948666,25.0,4.0,2023-08-05
IWB,0.0,1137052.2440794192,1137052.2440794192,0.0,145.0,2023-08-05
SEG,15685.30567460132,7663.69494952763,23349.000624128952,339.0,3.0,2023-08-05
Swissgrid,10502450.655926043,85558.47008376835,10588009.12600981,12074.0,134.0,2023-08-05
Teileigentum ewb,29000.44401050744,0.0,29000.44401050744,0.0,0.0,2023-08-05
Valgrid,257250.4788778996,68782.69444195235,326033.1733198519,1558.0,51.0,2023-08-05
AET / FFS,0.0,0.0,0.0,69.0,0.0,2023-08-05
Alu-Infra,0.0,0.0,0.0,3.0,0.0,2023-08-05
Swisscom / Swissgrid,0.0,0.0,0.0,68.0,0.0,2023-08-05
AET / AIL,0.0,0.0,0.0,0.0,1.0,2023-08-05
AET / AMB,0.0,0.0,0.0,0.0,2.0,2023-08-05
AET / SES,0.0,0.0,0.0,0.0,2.0,2023-08-05
Autre,0.0,0.0,0.0,0.0,8.0,2023-08-05
EKT,0.0,0.0,0.0,0.0,15.0,2023-08-05
Regio Energie Solothurn,0.0,0.0,0.0,0.0,2.0,2023-08-05
AEK,0.0,9755.08820702385,9755.08820702385,0.0,0.0,2023-08-06
AET,231792.41946587156,39345.754603873145,271138.1740697447,597.0,8.0,2023-08-06
Alu Infra,444.6975299482358,252.1267510957916,696.8242810440274,0.0,0.0,2023-08-06
Axpo Grid AG,1823685.2619778712,418259.56455659826,2241944.8265344696,7010.0,37.0,2023-08-06
BKW,57999.468125895684,0.0,57999.468125895684,55.0,3.0,2023-08-06
ESB,0.0,35409.44623323066,35409.44623323066,0.0,4.0,2023-08-06
Electricité de la Lienne SA,5606.25918399392,0.0,5606.25918399392,20.0,0.0,2023-08-06
Energie Wasser Bern,75462.02132677477,114797.66203325875,190259.68336003352,144.0,0.0,2023-08-06
Gougra,16419.416214887326,0.0,16419.416214887326,61.0,2.0,2023-08-06
Groupe E,858286.2187120065,374392.2850653113,1232678.5037773177,3523.0,52.0,2023-08-06
Groupe E HT,0.0,329.3516198887597,329.3516198887597,0.0,0.0,2023-08-06
IBC,10457.540358991688,35999.402700956976,46456.943059948666,25.0,4.0,2023-08-06
IWB,0.0,1137052.2440794192,1137052.2440794192,0.0,145.0,2023-08-06
SEG,15685.30567460132,7663.694949527631,23349.000624128952,339.0,3.0,2023-08-06
Swissgrid,10502450.655926043,85558.47008376835,10588009.12600981,12074.0,134.0,2023-08-06
Teileigentum ewb,29000.44401050744,0.0,29000.44401050744,0.0,0.0,2023-08-06
Valgrid,257250.4788778996,68782.69444195235,326033.1733198519,1558.0,51.0,2023-08-06
AET / FFS,0.0,0.0,0.0,69.0,0.0,2023-08-06
Alu-Infra,0.0,0.0,0.0,3.0,0.0,2023-08-06
Swisscom / Swissgrid,0.0,0.0,0.0,68.0,0.0,2023-08-06
AET / AIL,0.0,0.0,0.0,0.0,1.0,2023-08-06
AET / AMB,0.0,0.0,0.0,0.0,2.0,2023-08-06
AET / SES,0.0,0.0,0.0,0.0,2.0,2023-08-06
Autre,0.0,0.0,0.0,0.0,8.0,2023-08-06
EKT,0.0,0.0,0.0,0.0,15.0,2023-08-06
Regio Energie Solothurn,0.0,0.0,0.0,0.0,2.0,2023-08-06
AEK,0.0,9755.08820702385,9755.08820702385,0.0,0.0,2023-08-07
AET,231792.41946587156,39345.754603873145,271138.1740697447,597.0,8.0,2023-08-07
Alu Infra,444.6975299482358,252.1267510957916,696.8242810440274,0.0,0.0,2023-08-07
Axpo Grid AG,1823685.2619778712,418259.56455659826,2241944.8265344696,7010.0,37.0,2023-08-07
BKW,57999.468125895684,0.0,57999.468125895684,55.0,3.0,2023-08-07
ESB,0.0,35409.44623323066,35409.44623323066,0.0,4.0,2023-08-07
Electricité de la Lienne SA,5606.25918399392,0.0,5606.25918399392,20.0,0.0,2023-08-07
Energie Wasser Bern,75462.02132677477,114797.66203325875,190259.68336003352,144.0,0.0,2023-08-07
Gougra,16419.416214887326,0.0,16419.416214887326,61.0,2.0,2023-08-07
Groupe E,858286.2187120065,374392.2850653113,1232678.5037773177,3523.0,52.0,2023-08-07
Groupe E HT,0.0,329.3516198887597,329.3516198887597,0.0,0.0,2023-08-07
IBC,10457.540358991688,35999.402700956976,46456.943059948666,25.0,4.0,2023-08-07
IWB,0.0,1137052.2440794192,1137052.2440794192,0.0,145.0,2023-08-07
SEG,15685.30567460132,7663.694949527631,23349.000624128952,339.0,3.0,2023-08-07
Swissgrid,10502450.655926043,85558.47008376835,10588009.12600981,12074.0,134.0,2023-08-07
Teileigentum ewb,29000.44401050744,0.0,29000.44401050744,0.0,0.0,2023-08-07
Valgrid,257250.4788778996,68782.69444195235,326033.1733198519,1558.0,51.0,2023-08-07
AET / FFS,0.0,0.0,0.0,69.0,0.0,2023-08-07
Alu-Infra,0.0,0.0,0.0,3.0,0.0,2023-08-07
Swisscom / Swissgrid,0.0,0.0,0.0,68.0,0.0,2023-08-07
AET / AIL,0.0,0.0,0.0,0.0,1.0,2023-08-07
AET / AMB,0.0,0.0,0.0,0.0,2.0,2023-08-07
AET / SES,0.0,0.0,0.0,0.0,2.0,2023-08-07
Autre,0.0,0.0,0.0,0.0,8.0,2023-08-07
EKT,0.0,0.0,0.0,0.0,15.0,2023-08-07
Regio Energie Solothurn,0.0,0.0,0.0,0.0,2.0,2023-08-07
AEK,0.0,9755.08820702385,9755.08820702385,0.0,0.0,2023-08-08
AET,231792.41946587156,39345.754603873145,271138.1740697447,597.0,8.0,2023-08-08
Alu Infra,444.6975299482358,252.1267510957916,696.8242810440274,0.0,0.0,2023-08-08
Axpo Grid AG,1823685.2619778712,418259.56455659826,2241944.8265344696,7010.0,37.0,2023-08-08
BKW,57999.468125895684,0.0,57999.468125895684,55.0,3.0,2023-08-08
ESB,0.0,35409.44623323066,35409.44623323066,0.0,4.0,2023-08-08
Electricité de la Lienne SA,5606.25918399392,0.0,5606.25918399392,20.0,0.0,2023-08-08
Energie Wasser Bern,75462.02132677477,114797.66203325875,190259.68336003352,144.0,0.0,2023-08-08
Gougra,16419.416214887326,0.0,16419.416214887326,61.0,2.0,2023-08-08
Groupe E,858286.2187120065,374392.2850653113,1232678.5037773177,3523.0,52.0,2023-08-08
Groupe E HT,0.0,329.3516198887597,329.3516198887597,0.0,0.0,2023-08-08
IBC,10457.540358991688,35999.402700956976,46456.943059948666,25.0,4.0,2023-08-08
IWB,0.0,1137052.2440794192,1137052.2440794192,0.0,145.0,2023-08-08
SEG,15685.30567460132,7663.694949527631,23349.000624128952,339.0,3.0,2023-08-08
Swissgrid,10502450.655926043,85558.47008376835,10588009.12600981,12074.0,134.0,2023-08-08
Teileigentum ewb,29000.44401050744,0.0,29000.44401050744,0.0,0.0,2023-08-08
Valgrid,257250.4788778996,68782.69444195235,326033.1733198519,1558.0,51.0,2023-08-08
AET / FFS,0.0,0.0,0.0,69.0,0.0,2023-08-08
Alu-Infra,0.0,0.0,0.0,3.0,0.0,2023-08-08
Swisscom / Swissgrid,0.0,0.0,0.0,68.0,0.0,2023-08-08
AET / AIL,0.0,0.0,0.0,0.0,1.0,2023-08-08
AET / AMB,0.0,0.0,0.0,0.0,2.0,2023-08-08
AET / SES,0.0,0.0,0.0,0.0,2.0,2023-08-08
Autre,0.0,0.0,0.0,0.0,8.0,2023-08-08
EKT,0.0,0.0,0.0,0.0,15.0,2023-08-08
Regio Energie Solothurn,0.0,0.0,0.0,0.0,2.0,2023-08-08
AEK,0.0,9755.08820702385,9755.08820702385,0.0,0.0,2023-08-09
AET,231792.41946587156,39345.754603873145,271138.1740697447,597.0,8.0,2023-08-09
Alu Infra,444.6975299482358,252.1267510957916,696.8242810440274,0.0,0.0,2023-08-09
Axpo Grid AG,1823685.2619778712,418259.56455659826,2241944.8265344696,7010.0,37.0,2023-08-09
BKW,57999.468125895684,0.0,57999.468125895684,55.0,3.0,2023-08-09
ESB,0.0,35409.44623323066,35409.44623323066,0.0,4.0,2023-08-09
Electricité de la Lienne SA,5606.25918399392,0.0,5606.25918399392,20.0,0.0,2023-08-09
Energie Wasser Bern,75462.02132677477,114797.66203325875,190259.68336003352,144.0,0.0,2023-08-09
Gougra,16419.416214887326,0.0,16419.416214887326,61.0,2.0,2023-08-09
Groupe E,858286.2187120065,374392.2850653113,1232678.5037773177,3523.0,52.0,2023-08-09
Groupe E HT,0.0,329.3516198887597,329.3516198887597,0.0,0.0,2023-08-09
IBC,10457.540358991688,35999.402700956976,46456.943059948666,25.0,4.0,2023-08-09
IWB,0.0,1137052.2440794192,1137052.2440794192,0.0,145.0,2023-08-09
SEG,15685.30567460132,7663.69494952763,23349.000624128952,339.0,3.0,2023-08-09
Swissgrid,10502450.655926043,85558.47008376835,10588009.12600981,12074.0,134.0,2023-08-09
Teileigentum ewb,29000.44401050744,0.0,29000.44401050744,0.0,0.0,2023-08-09
Valgrid,257250.4788778996,68782.69444195235,326033.1733198519,1558.0,51.0,2023-08-09
AET / FFS,0.0,0.0,0.0,69.0,0.0,2023-08-09
Alu-Infra,0.0,0.0,0.0,3.0,0.0,2023-08-09
Swisscom / Swissgrid,0.0,0.0,0.0,68.0,0.0,2023-08-09
AET / AIL,0.0,0.0,0.0,0.0,1.0,2023-08-09
AET / AMB,0.0,0.0,0.0,0.0,2.0,2023-08-09
AET / SES,0.0,0.0,0.0,0.0,2.0,2023-08-09
Autre,0.0,0.0,0.0,0.0,8.0,2023-08-09
EKT,0.0,0.0,0.0,0.0,15.0,2023-08-09
Regio Energie Solothurn,0.0,0.0,0.0,0.0,2.0,2023-08-09
AEK,0.0,9755.08820702385,9755.08820702385,0.0,0.0,2023-08-10
AET,231792.41946587156,39345.754603873145,271138.1740697447,597.0,8.0,2023-08-10
Alu Infra,444.6975299482358,252.1267510957916,696.8242810440274,0.0,0.0,2023-08-10
Axpo Grid AG,1823685.2619778712,418259.56455659826,2241944.8265344696,7010.0,37.0,2023-08-10
BKW,57999.468125895684,0.0,57999.468125895684,55.0,3.0,2023-08-10
ESB,0.0,35409.44623323066,35409.44623323066,0.0,4.0,2023-08-10
Electricité de la Lienne SA,5606.25918399392,0.0,5606.25918399392,20.0,0.0,2023-08-10
Energie Wasser Bern,75462.02132677477,114797.66203325875,190259.68336003352,144.0,0.0,2023-08-10
Gougra,16419.416214887326,0.0,16419.416214887326,61.0,2.0,2023-08-10
Groupe E,858286.2187120065,374392.2850653113,1232678.5037773177,3523.0,52.0,2023-08-10
Groupe E HT,0.0,329.3516198887597,329.3516198887597,0.0,0.0,2023-08-10
IBC,10457.540358991688,35999.402700956976,46456.943059948666,25.0,4.0,2023-08-10
IWB,0.0,1137052.2440794192,1137052.2440794192,0.0,145.0,2023-08-10
SEG,15685.30567460132,7663.694949527631,23349.000624128952,339.0,3.0,2023-08-10
Swissgrid,10502450.655926043,85558.47008376835,10588009.12600981,12074.0,134.0,2023-08-10
Teileigentum ewb,29000.44401050744,0.0,29000.44401050744,0.0,0.0,2023-08-10
Valgrid,257250.4788778996,68782.69444195235,326033.1733198519,1558.0,51.0,2023-08-10
AET / FFS,0.0,0.0,0.0,69.0,0.0,2023-08-10
Alu-Infra,0.0,0.0,0.0,3.0,0.0,2023-08-10
Swisscom / Swissgrid,0.0,0.0,0.0,68.0,0.0,2023-08-10
AET / AIL,0.0,0.0,0.0,0.0,1.0,2023-08-10
AET / AMB,0.0,0.0,0.0,0.0,2.0,2023-08-10
AET / SES,0.0,0.0,0.0,0.0,2.0,2023-08-10
Autre,0.0,0.0,0.0,0.0,8.0,2023-08-10
EKT,0.0,0.0,0.0,0.0,15.0,2023-08-10
Regio Energie Solothurn,0.0,0.0,0.0,0.0,2.0,2023-08-10
AEK,0.0,9755.08820702385,9755.08820702385,0.0,0.0,2023-08-11
AET,231792.41946587156,39345.754603873145,271138.1740697447,597.0,8.0,2023-08-11
Alu Infra,444.6975299482358,252.1267510957916,696.8242810440274,0.0,0.0,2023-08-11
Axpo Grid AG,1823685.2619778712,418259.56455659826,2241944.8265344696,7010.0,37.0,2023-08-11
BKW,57999.468125895684,0.0,57999.468125895684,55.0,3.0,2023-08-11
ESB,0.0,35409.44623323066,35409.44623323066,0.0,4.0,2023-08-11
Electricité de la Lienne SA,5606.25918399392,0.0,5606.25918399392,20.0,0.0,2023-08-11
Energie Wasser Bern,75462.02132677477,114797.66203325875,190259.68336003352,144.0,0.0,2023-08-11
Gougra,16419.416214887326,0.0,16419.416214887326,61.0,2.0,2023-08-11
Groupe E,858286.2187120065,374392.2850653113,1232678.5037773177,3523.0,52.0,2023-08-11
Groupe E HT,0.0,329.3516198887597,329.3516198887597,0.0,0.0,2023-08-11
IBC,10457.540358991688,35999.402700956976,46456.943059948666,25.0,4.0,2023-08-11
IWB,0.0,1137052.2440794192,1137052.2440794192,0.0,145.0,2023-08-11
SEG,15685.30567460132,7663.69494952763,23349.000624128952,339.0,3.0,2023-08-11
Swissgrid,10502450.655926043,85558.47008376835,10588009.12600981,12074.0,134.0,2023-08-11
Teileigentum ewb,29000.44401050744,0.0,29000.44401050744,0.0,0.0,2023-08-11
Valgrid,257250.4788778996,68782.69444195235,326033.1733198519,1558.0,51.0,2023-08-11
AET / FFS,0.0,0.0,0.0,69.0,0.0,2023-08-11
Alu-Infra,0.0,0.0,0.0,3.0,0.0,2023-08-11
Swisscom / Swissgrid,0.0,0.0,0.0,68.0,0.0,2023-08-11
AET / AIL,0.0,0.0,0.0,0.0,1.0,2023-08-11
AET / AMB,0.0,0.0,0.0,0.0,2.0,2023-08-11
AET / SES,0.0,0.0,0.0,0.0,2.0,2023-08-11
Autre,0.0,0.0,0.0,0.0,8.0,2023-08-11
EKT,0.0,0.0,0.0,0.0,15.0,2023-08-11
Regio Energie Solothurn,0.0,0.0,0.0,0.0,2.0,2023-08-11
AEK,0.0,9755.08820702385,9755.08820702385,0.0,0.0,2023-08-12
AET,231792.41946587156,39345.754603873145,271138.1740697447,597.0,8.0,2023-08-12
Alu Infra,444.6975299482358,252.1267510957916,696.8242810440274,0.0,0.0,2023-08-12
Axpo Grid AG,1823685.2619778712,418259.56455659826,2241944.8265344696,7010.0,37.0,2023-08-12
BKW,57999.468125895684,0.0,57999.468125895684,55.0,3.0,2023-08-12
ESB,0.0,35409.44623323066,35409.44623323066,0.0,4.0,2023-08-12
Electricité de la Lienne SA,5606.25918399392,0.0,5606.25918399392,20.0,0.0,2023-08-12
Energie Wasser Bern,75462.02132677477,114797.66203325875,190259.68336003352,144.0,0.0,2023-08-12
Gougra,16419.416214887326,0.0,16419.416214887326,61.0,2.0,2023-08-12
Groupe E,858286.2187120065,374392.2850653113,1232678.5037773177,3523.0,52.0,2023-08-12
Groupe E HT,0.0,329.3516198887597,329.3516198887597,0.0,0.0,2023-08-12
IBC,10457.540358991688,35999.402700956976,46456.943059948666,25.0,4.0,2023-08-12
IWB,0.0,1137052.2440794192,1137052.2440794192,0.0,145.0,2023-08-12
SEG,15685.30567460132,7663.694949527631,23349.000624128952,339.0,3.0,2023-08-12
Swissgrid,10502450.655926043,85558.47008376835,10588009.12600981,12074.0,134.0,2023-08-12
Teileigentum ewb,29000.44401050744,0.0,29000.44401050744,0.0,0.0,2023-08-12
Valgrid,257250.4788778996,68782.69444195235,326033.1733198519,1558.0,51.0,2023-08-12
AET / FFS,0.0,0.0,0.0,69.0,0.0,2023-08-12
Alu-Infra,0.0,0.0,0.0,3.0,0.0,2023-08-12
Swisscom / Swissgrid,0.0,0.0,0.0,68.0,0.0,2023-08-12
AET / AIL,0.0,0.0,0.0,0.0,1.0,2023-08-12
AET / AMB,0.0,0.0,0.0,0.0,2.0,2023-08-12
AET / SES,0.0,0.0,0.0,0.0,2.0,2023-08-12
Autre,0.0,0.0,0.0,0.0,8.0,2023-08-12
EKT,0.0,0.0,0.0,0.0,15.0,2023-08-12
Regio Energie Solothurn,0.0,0.0,0.0,0.0,2.0,2023-08-12
AEK,0.0,9755.08820702385,9755.08820702385,0.0,0.0,2023-08-13
AET,231792.41946587156,39345.754603873145,271138.1740697447,597.0,8.0,2023-08-13
Alu Infra,444.6975299482358,252.1267510957916,696.8242810440274,0.0,0.0,2023-08-13
Axpo Grid AG,1823685.2619778712,418259.56455659826,2241944.8265344696,7010.0,37.0,2023-08-13
BKW,57999.468125895684,0.0,57999.468125895684,55.0,3.0,2023-08-13
ESB,0.0,35409.44623323066,35409.44623323066,0.0,4.0,2023-08-13
Electricité de la Lienne SA,5606.25918399392,0.0,5606.25918399392,20.0,0.0,2023-08-13
Energie Wasser Bern,75462.02132677477,114797.66203325875,190259.68336003352,144.0,0.0,2023-08-13
Gougra,16419.416214887326,0.0,16419.416214887326,61.0,2.0,2023-08-13
Groupe E,858286.2187120065,374392.2850653113,1232678.5037773177,3523.0,52.0,2023-08-13
Groupe E HT,0.0,329.3516198887597,329.3516198887597,0.0,0.0,2023-08-13
IBC,10457.540358991688,35999.402700956976,46456.943059948666,25.0,4.0,2023-08-13
IWB,0.0,1137052.2440794192,1137052.2440794192,0.0,145.0,2023-08-13
SEG,15685.30567460132,7663.694949527631,23349.000624128952,339.0,3.0,2023-08-13
Swissgrid,10502450.655926043,85558.47008376835,10588009.12600981,12074.0,134.0,2023-08-13
Teileigentum ewb,29000.44401050744,0.0,29000.44401050744,0.0,0.0,2023-08-13
Valgrid,257250.4788778996,68782.69444195235,326033.1733198519,1558.0,51.0,2023-08-13
AET / FFS,0.0,0.0,0.0,69.0,0.0,2023-08-13
Alu-Infra,0.0,0.0,0.0,3.0,0.0,2023-08-13
Swisscom / Swissgrid,0.0,0.0,0.0,68.0,0.0,2023-08-13
AET / AIL,0.0,0.0,0.0,0.0,1.0,2023-08-13
AET / AMB,0.0,0.0,0.0,0.0,2.0,2023-08-13
AET / SES,0.0,0.0,0.0,0.0,2.0,2023-08-13
Autre,0.0,0.0,0.0,0.0,8.0,2023-08-13
EKT,0.0,0.0,0.0,0.0,15.0,2023-08-13
Regio Energie Solothurn,0.0,0.0,0.0,0.0,2.0,2023-08-13
AEK,0.0,9755.08820702385,9755.08820702385,0.0,0.0,2023-08-14
AET,231792.41946587156,39345.754603873145,271138.1740697447,597.0,8.0,2023-08-14
Alu Infra,444.6975299482358,252.1267510957916,696.8242810440274,0.0,0.0,2023-08-14
Axpo Grid AG,1823685.2619778712,418259.56455659826,2241944.8265344696,7010.0,37.0,2023-08-14
BKW,57999.468125895684,0.0,57999.468125895684,55.0,3.0,2023-08-14
ESB,0.0,35409.44623323066,35409.44623323066,0.0,4.0,2023-08-14
Electricité de la Lienne SA,5606.25918399392,0.0,5606.25918399392,20.0,0.0,2023-08-14
Energie Wasser Bern,75462.02132677477,114797.66203325875,190259.68336003352,144.0,0.0,2023-08-14
Gougra,16419.416214887326,0.0,16419.416214887326,61.0,2.0,2023-08-14
Groupe E,858286.2187120065,374392.2850653113,1232678.5037773177,3523.0,52.0,2023-08-14
Groupe E HT,0.0,329.3516198887597,329.3516198887597,0.0,0.0,2023-08-14
IBC,10457.540358991688,35999.402700956976,46456.943059948666,25.0,4.0,2023-08-14
IWB,0.0,1137052.2440794192,1137052.2440794192,0.0,145.0,2023-08-14
SEG,15685.30567460132,7663.694949527631,23349.000624128952,339.0,3.0,2023-08-14
Swissgrid,10502450.655926043,85558.47008376835,10588009.12600981,12074.0,134.0,2023-08-14
Teileigentum ewb,29000.44401050744,0.0,29000.44401050744,0.0,0.0,2023-08-14
Valgrid,257250.4788778996,68782.69444195235,326033.1733198519,1558.0,51.0,2023-08-14
AET / FFS,0.0,0.0,0.0,69.0,0.0,2023-08-14
Alu-Infra,0.0,0.0,0.0,3.0,0.0,2023-08-14
Swisscom / Swissgrid,0.0,0.0,0.0,68.0,0.0,2023-08-14
AET / AIL,0.0,0.0,0.0,0.0,1.0,2023-08-14
AET / AMB,0.0,0.0,0.0,0.0,2.0,2023-08-14
AET / SES,0.0,0.0,0.0,0.0,2.0,2023-08-14
Autre,0.0,0.0,0.0,0.0,8.0,2023-08-14
EKT,0.0,0.0,0.0,0.0,15.0,2023-08-14
Regio Energie Solothurn,0.0,0.0,0.0,0.0,2.0,2023-08-14
AEK,0.0,9755.08820702385,9755.08820702385,0.0,0.0,2023-08-15
AET,231792.41946587156,39345.754603873145,271138.1740697447,597.0,8.0,2023-08-15
Alu Infra,444.6975299482358,252.1267510957916,696.8242810440274,0.0,0.0,2023-08-15
Axpo Grid AG,1823685.2619778712,418259.56455659826,2241944.8265344696,7010.0,37.0,2023-08-15
BKW,57999.468125895684,0.0,57999.468125895684,55.0,3.0,2023-08-15
ESB,0.0,35409.44623323066,35409.44623323066,0.0,4.0,2023-08-15
Electricité de la Lienne SA,5606.25918399392,0.0,5606.25918399392,20.0,0.0,2023-08-15
Energie Wasser Bern,75462.02132677477,114797.66203325875,190259.68336003352,144.0,0.0,2023-08-15
Gougra,16419.416214887326,0.0,16419.416214887326,61.0,2.0,2023-08-15
Groupe E,858286.2187120065,374392.2850653113,1232678.5037773177,3523.0,52.0,2023-08-15
Groupe E HT,0.0,329.3516198887597,329.3516198887597,0.0,0.0,2023-08-15
IBC,10457.540358991688,35999.402700956976,46456.943059948666,25.0,4.0,2023-08-15
IWB,0.0,1137052.2440794192,1137052.2440794192,0.0,145.0,2023-08-15
SEG,15685.30567460132,7663.694949527631,23349.000624128952,339.0,3.0,2023-08-15
Swissgrid,10502450.655926043,85558.47008376835,10588009.12600981,12074.0,134.0,2023-08-15
Teileigentum ewb,29000.44401050744,0.0,29000.44401050744,0.0,0.0,2023-08-15
Valgrid,257250.4788778996,68782.69444195235,326033.1733198519,1558.0,51.0,2023-08-15
AET / FFS,0.0,0.0,0.0,69.0,0.0,2023-08-15
Alu-Infra,0.0,0.0,0.0,3.0,0.0,2023-08-15
Swisscom / Swissgrid,0.0,0.0,0.0,68.0,0.0,2023-08-15
AET / AIL,0.0,0.0,0.0,0.0,1.0,2023-08-15
AET / AMB,0.0,0.0,0.0,0.0,2.0,2023-08-15
AET / SES,0.0,0.0,0.0,0.0,2.0,2023-08-15
Autre,0.0,0.0,0.0,0.0,8.0,2023-08-15
EKT,0.0,0.0,0.0,0.0,15.0,2023-08-15
Regio Energie Solothurn,0.0,0.0,0.0,0.0,2.0,2023-08-15
AEK,0.0,9755.08820702385,9755.08820702385,0.0,0.0,2023-08-16
AET,231792.41946587156,39345.754603873145,271138.1740697447,597.0,8.0,2023-08-16
Alu Infra,444.6975299482358,252.1267510957916,696.8242810440274,0.0,0.0,2023-08-16
Axpo Grid AG,1823685.2619778712,418259.56455659826,2241944.8265344696,7010.0,37.0,2023-08-16
BKW,57999.468125895684,0.0,57999.468125895684,55.0,3.0,2023-08-16
ESB,0.0,35409.44623323066,35409.44623323066,0.0,4.0,2023-08-16
Electricité de la Lienne SA,5606.25918399392,0.0,5606.25918399392,20.0,0.0,2023-08-16
Energie Wasser Bern,75462.02132677477,114797.66203325875,190259.68336003352,144.0,0.0,2023-08-16
Gougra,16419.416214887326,0.0,16419.416214887326,61.0,2.0,2023-08-16
Groupe E,858286.2187120065,374392.2850653113,1232678.5037773177,3523.0,52.0,2023-08-16
Groupe E HT,0.0,329.3516198887597,329.3516198887597,0.0,0.0,2023-08-16
IBC,10457.540358991688,35999.402700956976,46456.943059948666,25.0,4.0,2023-08-16
IWB,0.0,1137052.2440794192,1137052.2440794192,0.0,145.0,2023-08-16
SEG,15685.30567460132,7663.694949527631,23349.000624128952,339.0,3.0,2023-08-16
Swissgrid,10502450.655926043,85558.47008376835,10588009.12600981,12074.0,134.0,2023-08-16
Teileigentum ewb,29000.44401050744,0.0,29000.44401050744,0.0,0.0,2023-08-16
Valgrid,257250.4788778996,68782.69444195235,326033.1733198519,1558.0,51.0,2023-08-16
AET / FFS,0.0,0.0,0.0,69.0,0.0,2023-08-16
Alu-Infra,0.0,0.0,0.0,3.0,0.0,2023-08-16
Swisscom / Swissgrid,0.0,0.0,0.0,68.0,0.0,2023-08-16
AET / AIL,0.0,0.0,0.0,0.0,1.0,2023-08-16
AET / AMB,0.0,0.0,0.0,0.0,2.0,2023-08-16
AET / SES,0.0,0.0,0.0,0.0,2.0,2023-08-16
Autre,0.0,0.0,0.0,0.0,8.0,2023-08-16
EKT,0.0,0.0,0.0,0.0,15.0,2023-08-16
Regio Energie Solothurn,0.0,0.0,0.0,0.0,2.0,2023-08-16
AEK,0.0,9755.08820702385,9755.08820702385,0.0,0.0,2023-08-17
AET,231792.41946587156,39345.754603873145,271138.1740697447,597.0,8.0,2023-08-17
Alu Infra,444.6975299482358,252.1267510957916,696.8242810440274,0.0,0.0,2023-08-17
Axpo Grid AG,1823685.2619778712,418259.56455659826,2241944.8265344696,7010.0,37.0,2023-08-17
BKW,57999.468125895684,0.0,57999.468125895684,55.0,3.0,2023-08-17
ESB,0.0,35409.44623323066,35409.44623323066,0.0,4.0,2023-08-17
Electricité de la Lienne SA,5606.25918399392,0.0,5606.25918399392,20.0,0.0,2023-08-17
Energie Wasser Bern,75462.02132677477,114797.66203325875,190259.68336003352,144.0,0.0,2023-08-17
Gougra,16419.416214887326,0.0,16419.416214887326,61.0,2.0,2023-08-17
Groupe E,858286.2187120065,374392.2850653113,1232678.5037773177,3523.0,52.0,2023-08-17
Groupe E HT,0.0,329.3516198887597,329.3516198887597,0.0,0.0,2023-08-17
IBC,10457.540358991688,35999.402700956976,46456.943059948666,25.0,4.0,2023-08-17
IWB,0.0,1137052.2440794192,1137052.2440794192,0.0,145.0,2023-08-17
SEG,15685.30567460132,7663.694949527631,23349.000624128952,339.0,3.0,2023-08-17
Swissgrid,10502450.655926043,85558.47008376835,10588009.12600981,12074.0,134.0,2023-08-17
Teileigentum ewb,29000.44401050744,0.0,29000.44401050744,0.0,0.0,2023-08-17
Valgrid,257250.4788778996,68782.69444195235,326033.1733198519,1558.0,51.0,2023-08-17
AET / FFS,0.0,0.0,0.0,69.0,0.0,2023-08-17
Alu-Infra,0.0,0.0,0.0,3.0,0.0,2023-08-17
Swisscom / Swissgrid,0.0,0.0,0.0,68.0,0.0,2023-08-17
AET / AIL,0.0,0.0,0.0,0.0,1.0,2023-08-17
AET / AMB,0.0,0.0,0.0,0.0,2.0,2023-08-17
AET / SES,0.0,0.0,0.0,0.0,2.0,2023-08-17
Autre,0.0,0.0,0.0,0.0,8.0,2023-08-17
EKT,0.0,0.0,0.0,0.0,15.0,2023-08-17
Regio Energie Solothurn,0.0,0.0,0.0,0.0,2.0,2023-08-17
AEK,0.0,9755.08820702385,9755.08820702385,0.0,0.0,2023-08-18
AET,231792.41946587156,39345.754603873145,271138.1740697447,597.0,8.0,2023-08-18
Alu Infra,444.6975299482358,252.1267510957916,696.8242810440274,0.0,0.0,2023-08-18
Axpo Grid AG,1823685.2619778712,418259.56455659826,2241944.8265344696,7010.0,37.0,2023-08-18
BKW,57999.468125895684,0.0,57999.468125895684,55.0,3.0,2023-08-18
ESB,0.0,35409.44623323066,35409.44623323066,0.0,4.0,2023-08-18
Electricité de la Lienne SA,5606.25918399392,0.0,5606.25918399392,20.0,0.0,2023-08-18
Energie Wasser Bern,75462.02132677477,114797.66203325875,190259.68336003352,144.0,0.0,2023-08-18
Gougra,16419.416214887326,0.0,16419.416214887326,61.0,2.0,2023-08-18
Groupe E,858286.2187120065,374392.2850653113,1232678.5037773177,3523.0,52.0,2023-08-18
Groupe E HT,0.0,329.3516198887597,329.3516198887597,0.0,0.0,2023-08-18
IBC,10457.540358991688,35999.402700956976,46456.943059948666,25.0,4.0,2023-08-18
IWB,0.0,1137052.2440794192,1137052.2440794192,0.0,145.0,2023-08-18
SEG,15685.30567460132,7663.694949527631,23349.000624128952,339.0,3.0,2023-08-18
Swissgrid,10502450.655926043,85558.47008376835,10588009.12600981,12074.0,134.0,2023-08-18
Teileigentum ewb,29000.44401050744,0.0,29000.44401050744,0.0,0.0,2023-08-18
Valgrid,257250.4788778996,68782.69444195235,326033.1733198519,1558.0,51.0,2023-08-18
AET / FFS,0.0,0.0,0.0,69.0,0.0,2023-08-18
Alu-Infra,0.0,0.0,0.0,3.0,0.0,2023-08-18
Swisscom / Swissgrid,0.0,0.0,0.0,68.0,0.0,2023-08-18
AET / AIL,0.0,0.0,0.0,0.0,1.0,2023-08-18
AET / AMB,0.0,0.0,0.0,0.0,2.0,2023-08-18
AET / SES,0.0,0.0,0.0,0.0,2.0,2023-08-18
Autre,0.0,0.0,0.0,0.0,8.0,2023-08-18
EKT,0.0,0.0,0.0,0.0,15.0,2023-08-18
Regio Energie Solothurn,0.0,0.0,0.0,0.0,2.0,2023-08-18
AEK,0.0,9755.08820702385,9755.08820702385,0.0,0.0,2023-08-19
AET,231792.41946587156,39345.754603873145,271138.1740697447,597.0,8.0,2023-08-19
Alu Infra,444.6975299482358,252.1267510957916,696.8242810440274,0.0,0.0,2023-08-19
Axpo Grid AG,1823685.2619778712,418259.56455659826,2241944.8265344696,7010.0,37.0,2023-08-19
BKW,57999.468125895684,0.0,57999.468125895684,55.0,3.0,2023-08-19
ESB,0.0,35409.44623323066,35409.44623323066,0.0,4.0,2023-08-19
Electricité de la Lienne SA,5606.25918399392,0.0,5606.25918399392,20.0,0.0,2023-08-19
Energie Wasser Bern,75462.02132677477,114797.66203325875,190259.68336003352,144.0,0.0,2023-08-19
Gougra,16419.416214887326,0.0,16419.416214887326,61.0,2.0,2023-08-19
Groupe E,858286.2187120065,374392.2850653113,1232678.5037773177,3523.0,52.0,2023-08-19
Groupe E HT,0.0,329.3516198887597,329.3516198887597,0.0,0.0,2023-08-19
IBC,10457.540358991688,35999.402700956976,46456.943059948666,25.0,4.0,2023-08-19
IWB,0.0,1137052.2440794192,1137052.2440794192,0.0,145.0,2023-08-19
SEG,15685.30567460132,7663.694949527631,23349.000624128952,339.0,3.0,2023-08-19
Swissgrid,10502450.655926043,85558.47008376835,10588009.12600981,12074.0,134.0,2023-08-19
Teileigentum ewb,29000.44401050744,0.0,29000.44401050744,0.0,0.0,2023-08-19
Valgrid,257250.4788778996,68782.69444195235,326033.1733198519,1558.0,51.0,2023-08-19
AET / FFS,0.0,0.0,0.0,69.0,0.0,2023-08-19
Alu-Infra,0.0,0.0,0.0,3.0,0.0,2023-08-19
Swisscom / Swissgrid,0.0,0.0,0.0,68.0,0.0,2023-08-19
AET / AIL,0.0,0.0,0.0,0.0,1.0,2023-08-19
AET / AMB,0.0,0.0,0.0,0.0,2.0,2023-08-19
AET / SES,0.0,0.0,0.0,0.0,2.0,2023-08-19
Autre,0.0,0.0,0.0,0.0,8.0,2023-08-19
EKT,0.0,0.0,0.0,0.0,15.0,2023-08-19
Regio Energie Solothurn,0.0,0.0,0.0,0.0,2.0,2023-08-19
AEK,0.0,9755.08820702385,9755.08820702385,0.0,0.0,2023-08-20
AET,231792.41946587156,39345.754603873145,271138.1740697447,597.0,8.0,2023-08-20
Alu Infra,444.6975299482358,252.1267510957916,696.8242810440274,0.0,0.0,2023-08-20
Axpo Grid AG,1823685.2619778712,418259.56455659826,2241944.8265344696,7010.0,37.0,2023-08-20
BKW,57999.468125895684,0.0,57999.468125895684,55.0,3.0,2023-08-20
ESB,0.0,35409.44623323066,35409.44623323066,0.0,4.0,2023-08-20
Electricité de la Lienne SA,5606.25918399392,0.0,5606.25918399392,20.0,0.0,2023-08-20
Energie Wasser Bern,75462.02132677477,114797.66203325875,190259.68336003352,144.0,0.0,2023-08-20
Gougra,16419.416214887326,0.0,16419.416214887326,61.0,2.0,2023-08-20
Groupe E,858286.2187120065,374392.2850653113,1232678.5037773177,3523.0,52.0,2023-08-20
Groupe E HT,0.0,329.3516198887597,329.3516198887597,0.0,0.0,2023-08-20
IBC,10457.540358991688,35999.402700956976,46456.943059948666,25.0,4.0,2023-08-20
IWB,0.0,1137052.2440794192,1137052.2440794192,0.0,145.0,2023-08-20
SEG,15685.30567460132,7663.694949527631,23349.000624128952,339.0,3.0,2023-08-20
Swissgrid,10502450.655926043,85558.47008376835,10588009.12600981,12074.0,134.0,2023-08-20
Teileigentum ewb,29000.44401050744,0.0,29000.44401050744,0.0,0.0,2023-08-20
Valgrid,257250.4788778996,68782.69444195235,326033.1733198519,1558.0,51.0,2023-08-20
AET / FFS,0.0,0.0,0.0,69.0,0.0,2023-08-20
Alu-Infra,0.0,0.0,0.0,3.0,0.0,2023-08-20
Swisscom / Swissgrid,0.0,0.0,0.0,68.0,0.0,2023-08-20
AET / AIL,0.0,0.0,0.0,0.0,1.0,2023-08-20
AET / AMB,0.0,0.0,0.0,0.0,2.0,2023-08-20
AET / SES,0.0,0.0,0.0,0.0,2.0,2023-08-20
Autre,0.0,0.0,0.0,0.0,8.0,2023-08-20
EKT,0.0,0.0,0.0,0.0,15.0,2023-08-20
Regio Energie Solothurn,0.0,0.0,0.0,0.0,2.0,2023-08-20
AEK,0.0,9755.08820702385,9755.08820702385,0.0,0.0,2023-08-21
AET,231792.41946587156,39345.754603873145,271138.1740697447,597.0,8.0,2023-08-21
Alu Infra,444.6975299482358,252.1267510957916,696.8242810440274,0.0,0.0,2023-08-21
Axpo Grid AG,1823685.2619778712,418259.56455659826,2241944.8265344696,7010.0,37.0,2023-08-21
BKW,57999.468125895684,0.0,57999.468125895684,55.0,3.0,2023-08-21
ESB,0.0,35409.44623323066,35409.44623323066,0.0,4.0,2023-08-21
Electricité de la Lienne SA,5606.25918399392,0.0,5606.25918399392,20.0,0.0,2023-08-21
Energie Wasser Bern,75462.02132677477,114797.66203325875,190259.68336003352,144.0,0.0,2023-08-21
Gougra,16419.416214887326,0.0,16419.416214887326,61.0,2.0,2023-08-21
Groupe E,858286.2187120065,374392.2850653113,1232678.5037773177,3523.0,52.0,2023-08-21
Groupe E HT,0.0,329.3516198887597,329.3516198887597,0.0,0.0,2023-08-21
IBC,10457.540358991688,35999.402700956976,46456.943059948666,25.0,4.0,2023-08-21
IWB,0.0,1137052.2440794192,1137052.2440794192,0.0,145.0,2023-08-21
SEG,15685.30567460132,7663.694949527631,23349.000624128952,339.0,3.0,2023-08-21
Swissgrid,10502450.655926043,85558.47008376835,10588009.12600981,12074.0,134.0,2023-08-21
Teileigentum ewb,29000.44401050744,0.0,29000.44401050744,0.0,0.0,2023-08-21
Valgrid,257250.4788778996,68782.69444195235,326033.1733198519,1558.0,51.0,2023-08-21
AET / FFS,0.0,0.0,0.0,69.0,0.0,2023-08-21
Alu-Infra,0.0,0.0,0.0,3.0,0.0,2023-08-21
Swisscom / Swissgrid,0.0,0.0,0.0,68.0,0.0,2023-08-21
AET / AIL,0.0,0.0,0.0,0.0,1.0,2023-08-21
AET / AMB,0.0,0.0,0.0,0.0,2.0,2023-08-21
AET / SES,0.0,0.0,0.0,0.0,2.0,2023-08-21
Autre,0.0,0.0,0.0,0.0,8.0,2023-08-21
EKT,0.0,0.0,0.0,0.0,15.0,2023-08-21
Regio Energie Solothurn,0.0,0.0,0.0,0.0,2.0,2023-08-21
AEK,0.0,9755.08820702385,9755.08820702385,0.0,0.0,2023-08-22
AET,231792.41946587156,39345.754603873145,271138.1740697447,597.0,8.0,2023-08-22
Alu Infra,444.6975299482358,252.1267510957916,696.8242810440274,0.0,0.0,2023-08-22
Axpo Grid AG,1823685.2619778712,418259.56455659826,2241944.8265344696,7010.0,37.0,2023-08-22
BKW,57999.468125895684,0.0,57999.468125895684,55.0,3.0,2023-08-22
ESB,0.0,35409.44623323066,35409.44623323066,0.0,4.0,2023-08-22
Electricité de la Lienne SA,5606.25918399392,0.0,5606.25918399392,20.0,0.0,2023-08-22
Energie Wasser Bern,75462.02132677477,114797.66203325875,190259.68336003352,144.0,0.0,2023-08-22
Gougra,16419.416214887326,0.0,16419.416214887326,61.0,2.0,2023-08-22
Groupe E,858286.2187120065,374392.2850653113,1232678.5037773177,3523.0,52.0,2023-08-22
Groupe E HT,0.0,329.3516198887597,329.3516198887597,0.0,0.0,2023-08-22
IBC,10457.540358991688,35999.402700956976,46456.943059948666,25.0,4.0,2023-08-22
IWB,0.0,1137052.2440794192,1137052.2440794192,0.0,145.0,2023-08-22
SEG,15685.30567460132,7663.694949527631,23349.000624128952,339.0,3.0,2023-08-22
Swissgrid,10502450.655926043,85558.47008376835,10588009.12600981,12074.0,134.0,2023-08-22
Teileigentum ewb,29000.44401050744,0.0,29000.44401050744,0.0,0.0,2023-08-22
Valgrid,257250.4788778996,68782.69444195235,326033.1733198519,1558.0,51.0,2023-08-22
AET / FFS,0.0,0.0,0.0,69.0,0.0,2023-08-22
Alu-Infra,0.0,0.0,0.0,3.0,0.0,2023-08-22
Swisscom / Swissgrid,0.0,0.0,0.0,68.0,0.0,2023-08-22
AET / AIL,0.0,0.0,0.0,0.0,1.0,2023-08-22
AET / AMB,0.0,0.0,0.0,0.0,2.0,2023-08-22
AET / SES,0.0,0.0,0.0,0.0,2.0,2023-08-22
Autre,0.0,0.0,0.0,0.0,8.0,2023-08-22
EKT,0.0,0.0,0.0,0.0,15.0,2023-08-22
Regio Energie Solothurn,0.0,0.0,0.0,0.0,2.0,2023-08-22
AEK,0.0,9755.08820702385,9755.08820702385,0.0,0.0,2023-08-23
AET,231792.41946587156,39345.754603873145,271138.1740697447,597.0,8.0,2023-08-23
Alu Infra,444.6975299482358,252.1267510957916,696.8242810440274,0.0,0.0,2023-08-23
Axpo Grid AG,1823685.2619778712,418259.56455659826,2241944.8265344696,7010.0,37.0,2023-08-23
BKW,57999.468125895684,0.0,57999.468125895684,55.0,3.0,2023-08-23
ESB,0.0,35409.44623323066,35409.44623323066,0.0,4.0,2023-08-23
Electricité de la Lienne SA,5606.25918399392,0.0,5606.25918399392,20.0,0.0,2023-08-23
Energie Wasser Bern,75462.02132677477,114797.66203325875,190259.68336003352,144.0,0.0,2023-08-23
Gougra,16419.416214887326,0.0,16419.416214887326,61.0,2.0,2023-08-23
Groupe E,858286.2187120065,374392.2850653113,1232678.5037773177,3523.0,52.0,2023-08-23
Groupe E HT,0.0,329.3516198887597,329.3516198887597,0.0,0.0,2023-08-23
IBC,10457.540358991688,35999.402700956976,46456.943059948666,25.0,4.0,2023-08-23
IWB,0.0,1137052.2440794192,1137052.2440794192,0.0,145.0,2023-08-23
SEG,15685.30567460132,7663.694949527631,23349.000624128952,339.0,3.0,2023-08-23
Swissgrid,10502450.655926043,85558.47008376835,10588009.12600981,12074.0,134.0,2023-08-23
Teileigentum ewb,29000.44401050744,0.0,29000.44401050744,0.0,0.0,2023-08-23
Valgrid,257250.4788778996,68782.69444195235,326033.1733198519,1558.0,51.0,2023-08-23
AET / FFS,0.0,0.0,0.0,69.0,0.0,2023-08-23
Alu-Infra,0.0,0.0,0.0,3.0,0.0,2023-08-23
Swisscom / Swissgrid,0.0,0.0,0.0,68.0,0.0,2023-08-23
AET / AIL,0.0,0.0,0.0,0.0,1.0,2023-08-23
AET / AMB,0.0,0.0,0.0,0.0,2.0,2023-08-23
AET / SES,0.0,0.0,0.0,0.0,2.0,2023-08-23
Autre,0.0,0.0,0.0,0.0,8.0,2023-08-23
EKT,0.0,0.0,0.0,0.0,15.0,2023-08-23
Regio Energie Solothurn,0.0,0.0,0.0,0.0,2.0,2023-08-23
AEK,0.0,9755.08820702385,9755.08820702385,0.0,0.0,2023-08-24
AET,231792.41946587156,39345.754603873145,271138.1740697447,597.0,8.0,2023-08-24
Alu Infra,444.6975299482358,252.1267510957916,696.8242810440274,0.0,0.0,2023-08-24
Axpo Grid AG,1823685.2619778712,418259.56455659826,2241944.8265344696,7010.0,37.0,2023-08-24
BKW,57999.468125895684,0.0,57999.468125895684,55.0,3.0,2023-08-24
ESB,0.0,35409.44623323066,35409.44623323066,0.0,4.0,2023-08-24
Electricité de la Lienne SA,5606.25918399392,0.0,5606.25918399392,20.0,0.0,2023-08-24
Energie Wasser Bern,75462.02132677477,114797.66203325875,190259.68336003352,144.0,0.0,2023-08-24
Gougra,16419.416214887326,0.0,16419.416214887326,61.0,2.0,2023-08-24
Groupe E,858286.2187120065,374392.2850653113,1232678.5037773177,3523.0,52.0,2023-08-24
Groupe E HT,0.0,329.3516198887597,329.3516198887597,0.0,0.0,2023-08-24
IBC,10457.540358991688,35999.402700956976,46456.943059948666,25.0,4.0,2023-08-24
IWB,0.0,1137052.2440794192,1137052.2440794192,0.0,145.0,2023-08-24
SEG,15685.30567460132,7663.694949527631,23349.000624128952,339.0,3.0,2023-08-24
Swissgrid,10502450.655926043,85558.47008376835,10588009.12600981,12074.0,134.0,2023-08-24
Teileigentum ewb,29000.44401050744,0.0,29000.44401050744,0.0,0.0,2023-08-24
Valgrid,257250.4788778996,68782.69444195235,326033.1733198519,1558.0,51.0,2023-08-24
AET / FFS,0.0,0.0,0.0,69.0,0.0,2023-08-24
Alu-Infra,0.0,0.0,0.0,3.0,0.0,2023-08-24
Swisscom / Swissgrid,0.0,0.0,0.0,68.0,0.0,2023-08-24
AET / AIL,0.0,0.0,0.0,0.0,1.0,2023-08-24
AET / AMB,0.0,0.0,0.0,0.0,2.0,2023-08-24
AET / SES,0.0,0.0,0.0,0.0,2.0,2023-08-24
Autre,0.0,0.0,0.0,0.0,8.0,2023-08-24
EKT,0.0,0.0,0.0,0.0,15.0,2023-08-24
Regio Energie Solothurn,0.0,0.0,0.0,0.0,2.0,2023-08-24
AEK,0.0,9755.08820702385,9755.08820702385,0.0,0.0,2023-08-25
AET,231792.41946587156,39345.754603873145,271138.1740697447,597.0,8.0,2023-08-25
Alu Infra,444.6975299482358,252.1267510957916,696.8242810440274,0.0,0.0,2023-08-25
Axpo Grid AG,1823685.2619778712,418259.56455659826,2241944.8265344696,7010.0,37.0,2023-08-25
BKW,57999.468125895684,0.0,57999.468125895684,55.0,3.0,2023-08-25
ESB,0.0,35409.44623323066,35409.44623323066,0.0,4.0,2023-08-25
Electricité de la Lienne SA,5606.25918399392,0.0,5606.25918399392,20.0,0.0,2023-08-25
Energie Wasser Bern,75462.02132677477,114797.66203325875,190259.68336003352,144.0,0.0,2023-08-25
Gougra,16419.416214887326,0.0,16419.416214887326,61.0,2.0,2023-08-25
Groupe E,858286.2187120065,374392.2850653113,1232678.5037773177,3523.0,52.0,2023-08-25
Groupe E HT,0.0,329.3516198887597,329.3516198887597,0.0,0.0,2023-08-25
IBC,10457.540358991688,35999.402700956976,46456.943059948666,25.0,4.0,2023-08-25
IWB,0.0,1137052.2440794192,1137052.2440794192,0.0,145.0,2023-08-25
SEG,15685.30567460132,7663.694949527631,23349.000624128952,339.0,3.0,2023-08-25
Swissgrid,10502450.655926043,85558.47008376835,10588009.12600981,12074.0,134.0,2023-08-25
Teileigentum ewb,29000.44401050744,0.0,29000.44401050744,0.0,0.0,2023-08-25
Valgrid,257250.4788778996,68782.69444195235,326033.1733198519,1558.0,51.0,2023-08-25
AET / FFS,0.0,0.0,0.0,69.0,0.0,2023-08-25
Alu-Infra,0.0,0.0,0.0,3.0,0.0,2023-08-25
Swisscom / Swissgrid,0.0,0.0,0.0,68.0,0.0,2023-08-25
AET / AIL,0.0,0.0,0.0,0.0,1.0,2023-08-25
AET / AMB,0.0,0.0,0.0,0.0,2.0,2023-08-25
AET / SES,0.0,0.0,0.0,0.0,2.0,2023-08-25
Autre,0.0,0.0,0.0,0.0,8.0,2023-08-25
EKT,0.0,0.0,0.0,0.0,15.0,2023-08-25
Regio Energie Solothurn,0.0,0.0,0.0,0.0,2.0,2023-08-25
AEK,0.0,9755.08820702385,9755.08820702385,0.0,0.0,2023-08-26
AET,231792.41946587156,39345.754603873145,271138.1740697447,597.0,8.0,2023-08-26
Alu Infra,444.6975299482358,252.1267510957916,696.8242810440274,0.0,0.0,2023-08-26
Axpo Grid AG,1823685.2619778712,418259.56455659826,2241944.8265344696,7010.0,37.0,2023-08-26
BKW,57999.468125895684,0.0,57999.468125895684,55.0,3.0,2023-08-26
ESB,0.0,35409.44623323066,35409.44623323066,0.0,4.0,2023-08-26
Electricité de la Lienne SA,5606.25918399392,0.0,5606.25918399392,20.0,0.0,2023-08-26
Energie Wasser Bern,75462.02132677477,114797.66203325875,190259.68336003352,144.0,0.0,2023-08-26
Gougra,16419.416214887326,0.0,16419.416214887326,61.0,2.0,2023-08-26
Groupe E,858286.2187120065,374392.2850653113,1232678.5037773177,3523.0,52.0,2023-08-26
Groupe E HT,0.0,329.3516198887597,329.3516198887597,0.0,0.0,2023-08-26
IBC,10457.540358991688,35999.402700956976,46456.943059948666,25.0,4.0,2023-08-26
IWB,0.0,1137052.2440794192,1137052.2440794192,0.0,145.0,2023-08-26
SEG,15685.30567460132,7663.694949527631,23349.000624128952,339.0,3.0,2023-08-26
Swissgrid,10502450.655926043,85558.47008376835,10588009.12600981,12074.0,134.0,2023-08-26
Teileigentum ewb,29000.44401050744,0.0,29000.44401050744,0.0,0.0,2023-08-26
Valgrid,257250.4788778996,68782.69444195235,326033.1733198519,1558.0,51.0,2023-08-26
AET / FFS,0.0,0.0,0.0,69.0,0.0,2023-08-26
Alu-Infra,0.0,0.0,0.0,3.0,0.0,2023-08-26
Swisscom / Swissgrid,0.0,0.0,0.0,68.0,0.0,2023-08-26
AET / AIL,0.0,0.0,0.0,0.0,1.0,2023-08-26
AET / AMB,0.0,0.0,0.0,0.0,2.0,2023-08-26
AET / SES,0.0,0.0,0.0,0.0,2.0,2023-08-26
Autre,0.0,0.0,0.0,0.0,8.0,2023-08-26
EKT,0.0,0.0,0.0,0.0,15.0,2023-08-26
Regio Energie Solothurn,0.0,0.0,0.0,0.0,2.0,2023-08-26
AEK,0.0,9755.08820702385,9755.08820702385,0.0,0.0,2023-08-27
AET,231792.41946587156,39345.754603873145,271138.1740697447,597.0,8.0,2023-08-27
Alu Infra,444.6975299482358,252.1267510957916,696.8242810440274,0.0,0.0,2023-08-27
Axpo Grid AG,1823685.2619778712,418259.56455659826,2241944.8265344696,7010.0,37.0,2023-08-27
BKW,57999.468125895684,0.0,57999.468125895684,55.0,3.0,2023-08-27
ESB,0.0,35409.44623323066,35409.44623323066,0.0,4.0,2023-08-27
Electricité de la Lienne SA,5606.25918399392,0.0,5606.25918399392,20.0,0.0,2023-08-27
Energie Wasser Bern,75462.02132677477,114797.66203325875,190259.68336003352,144.0,0.0,2023-08-27
Gougra,16419.416214887326,0.0,16419.416214887326,61.0,2.0,2023-08-27
Groupe E,858286.2187120065,374392.2850653113,1232678.5037773177,3523.0,52.0,2023-08-27
Groupe E HT,0.0,329.3516198887597,329.3516198887597,0.0,0.0,2023-08-27
IBC,10457.540358991688,35999.402700956976,46456.943059948666,25.0,4.0,2023-08-27
IWB,0.0,1137052.2440794192,1137052.2440794192,0.0,145.0,2023-08-27
SEG,15685.30567460132,7663.694949527631,23349.000624128952,339.0,3.0,2023-08-27
Swissgrid,10502450.655926043,85558.47008376835,10588009.12600981,12074.0,134.0,2023-08-27
Teileigentum ewb,29000.44401050744,0.0,29000.44401050744,0.0,0.0,2023-08-27
Valgrid,257250.4788778996,68782.69444195235,326033.1733198519,1558.0,51.0,2023-08-27
AET / FFS,0.0,0.0,0.0,69.0,0.0,2023-08-27
Alu-Infra,0.0,0.0,0.0,3.0,0.0,2023-08-27
Swisscom / Swissgrid,0.0,0.0,0.0,68.0,0.0,2023-08-27
AET / AIL,0.0,0.0,0.0,0.0,1.0,2023-08-27
AET / AMB,0.0,0.0,0.0,0.0,2.0,2023-08-27
AET / SES,0.0,0.0,0.0,0.0,2.0,2023-08-27
Autre,0.0,0.0,0.0,0.0,8.0,2023-08-27
EKT,0.0,0.0,0.0,0.0,15.0,2023-08-27
Regio Energie Solothurn,0.0,0.0,0.0,0.0,2.0,2023-08-27
AEK,0.0,9755.08820702385,9755.08820702385,0.0,0.0,2023-08-28
AET,231792.41946587156,39345.754603873145,271138.1740697447,597.0,8.0,2023-08-28
Alu Infra,444.6975299482358,252.1267510957916,696.8242810440274,0.0,0.0,2023-08-28
Axpo Grid AG,1823685.2619778712,418259.56455659826,2241944.8265344696,7010.0,37.0,2023-08-28
BKW,57999.468125895684,0.0,57999.468125895684,55.0,3.0,2023-08-28
ESB,0.0,35409.44623323066,35409.44623323066,0.0,4.0,2023-08-28
Electricité de la Lienne SA,5606.25918399392,0.0,5606.25918399392,20.0,0.0,2023-08-28
Energie Wasser Bern,75462.02132677477,114797.66203325875,190259.68336003352,144.0,0.0,2023-08-28
Gougra,16419.416214887326,0.0,16419.416214887326,61.0,2.0,2023-08-28
Groupe E,858286.2187120065,374392.2850653113,1232678.5037773177,3523.0,52.0,2023-08-28
Groupe E HT,0.0,329.3516198887597,329.3516198887597,0.0,0.0,2023-08-28
IBC,10457.540358991688,35999.402700956976,46456.943059948666,25.0,4.0,2023-08-28
IWB,0.0,1137052.2440794192,1137052.2440794192,0.0,145.0,2023-08-28
SEG,15685.30567460132,7663.694949527631,23349.000624128952,339.0,3.0,2023-08-28
Swissgrid,10502450.655926043,85558.47008376835,10588009.12600981,12074.0,134.0,2023-08-28
Teileigentum ewb,29000.44401050744,0.0,29000.44401050744,0.0,0.0,2023-08-28
Valgrid,257250.4788778996,68782.69444195235,326033.1733198519,1558.0,51.0,2023-08-28
AET / FFS,0.0,0.0,0.0,69.0,0.0,2023-08-28
Alu-Infra,0.0,0.0,0.0,3.0,0.0,2023-08-28
Swisscom / Swissgrid,0.0,0.0,0.0,68.0,0.0,2023-08-28
AET / AIL,0.0,0.0,0.0,0.0,1.0,2023-08-28
AET / AMB,0.0,0.0,0.0,0.0,2.0,2023-08-28
AET / SES,0.0,0.0,0.0,0.0,2.0,2023-08-28
Autre,0.0,0.0,0.0,0.0,8.0,2023-08-28
EKT,0.0,0.0,0.0,0.0,15.0,2023-08-28
Regio Energie Solothurn,0.0,0.0,0.0,0.0,2.0,2023-08-28
AEK,0.0,9755.08820702385,9755.08820702385,0.0,0.0,2023-08-29
AET,231792.41946587156,39345.754603873145,271138.1740697447,597.0,8.0,2023-08-29
AHS (Axpo Hydro Surselva AG),18441.412861505232,10264.110828788773,28705.523690294005,95.0,2.0,2023-08-29
Alu Infra,444.6975299482358,252.1267510957916,696.8242810440274,0.0,0.0,2023-08-29
Axpo Grid AG,1823685.2619778712,418259.56455659826,2241944.8265344696,7010.0,37.0,2023-08-29
BKW,57999.468125895684,0.0,57999.468125895684,55.0,3.0,2023-08-29
ESB,0.0,35409.44623323066,35409.44623323066,0.0,4.0,2023-08-29
Electricité de la Lienne SA,5606.25918399392,0.0,5606.25918399392,20.0,0.0,2023-08-29
Energie Wasser Bern,75462.02132677477,114797.66203325875,190259.68336003352,144.0,0.0,2023-08-29
Gougra,16419.416214887326,0.0,16419.416214887326,61.0,2.0,2023-08-29
Groupe E,858286.2187120065,374392.2850653113,1232678.5037773177,3523.0,52.0,2023-08-29
Groupe E HT,0.0,329.3516198887597,329.3516198887597,0.0,0.0,2023-08-29
IBC,10457.540358991688,35999.402700956976,46456.943059948666,25.0,4.0,2023-08-29
IWB,0.0,1137052.2440794192,1137052.2440794192,0.0,145.0,2023-08-29
SEG,15685.305674601323,7663.694949527631,23349.000624128952,339.0,3.0,2023-08-29
Swissgrid,10502450.655926043,85558.47008376835,10588009.12600981,12074.0,134.0,2023-08-29
Teileigentum ewb,29000.44401050744,0.0,29000.44401050744,0.0,0.0,2023-08-29
Valgrid,257250.4788778996,68782.69444195235,326033.1733198519,1558.0,51.0,2023-08-29
AET / FFS,0.0,0.0,0.0,69.0,0.0,2023-08-29
Alu-Infra,0.0,0.0,0.0,3.0,0.0,2023-08-29
Swisscom / Swissgrid,0.0,0.0,0.0,68.0,0.0,2023-08-29
AET / AIL,0.0,0.0,0.0,0.0,1.0,2023-08-29
AET / AMB,0.0,0.0,0.0,0.0,2.0,2023-08-29
AET / SES,0.0,0.0,0.0,0.0,2.0,2023-08-29
Autre,0.0,0.0,0.0,0.0,8.0,2023-08-29
EKT,0.0,0.0,0.0,0.0,15.0,2023-08-29
Regio Energie Solothurn,0.0,0.0,0.0,0.0,2.0,2023-08-29
AEK,0.0,9755.08820702385,9755.08820702385,0.0,0.0,2023-08-30
AET,231792.41946587156,39345.754603873145,271138.1740697447,597.0,8.0,2023-08-30
AHS (Axpo Hydro Surselva AG),18441.412861505232,10264.110828788773,28705.523690294005,95.0,2.0,2023-08-30
Alu Infra,444.6975299482358,252.1267510957916,696.8242810440274,0.0,0.0,2023-08-30
Axpo Grid AG,1823685.2619778712,418259.56455659826,2241944.8265344696,7010.0,37.0,2023-08-30
BKW,57999.468125895684,0.0,57999.468125895684,55.0,3.0,2023-08-30
ESB,0.0,35409.44623323066,35409.44623323066,0.0,4.0,2023-08-30
Electricité de la Lienne SA,5606.25918399392,0.0,5606.25918399392,20.0,0.0,2023-08-30
Energie Wasser Bern,75462.02132677477,114797.66203325875,190259.68336003352,144.0,0.0,2023-08-30
Gougra,16419.416214887326,0.0,16419.416214887326,61.0,2.0,2023-08-30
Groupe E,858286.2187120065,374392.2850653113,1232678.5037773177,3523.0,52.0,2023-08-30
Groupe E HT,0.0,329.3516198887597,329.3516198887597,0.0,0.0,2023-08-30
IBC,10457.540358991688,35999.402700956976,46456.943059948666,25.0,4.0,2023-08-30
IWB,0.0,1137052.2440794192,1137052.2440794192,0.0,145.0,2023-08-30
KWT (Kraftwerke Tschar AG),342.42247444685677,0.0,342.42247444685677,3.0,0.0,2023-08-30
SEG,15685.30567460132,7663.694949527631,23349.000624128952,339.0,3.0,2023-08-30
Swissgrid,10502450.655926043,85558.47008376835,10588009.12600981,12074.0,134.0,2023-08-30
Teileigentum ewb,29000.44401050744,0.0,29000.44401050744,0.0,0.0,2023-08-30
Valgrid,257250.4788778996,68782.69444195235,326033.1733198519,1558.0,51.0,2023-08-30
AET / FFS,0.0,0.0,0.0,69.0,0.0,2023-08-30
Alu-Infra,0.0,0.0,0.0,3.0,0.0,2023-08-30
Swisscom / Swissgrid,0.0,0.0,0.0,68.0,0.0,2023-08-30
AET / AIL,0.0,0.0,0.0,0.0,1.0,2023-08-30
AET / AMB,0.0,0.0,0.0,0.0,2.0,2023-08-30
AET / SES,0.0,0.0,0.0,0.0,2.0,2023-08-30
Autre,0.0,0.0,0.0,0.0,8.0,2023-08-30
EKT,0.0,0.0,0.0,0.0,15.0,2023-08-30
Regio Energie Solothurn,0.0,0.0,0.0,0.0,2.0,2023-08-30
AEK,0.0,9755.08820702385,9755.08820702385,0.0,0.0,2023-08-31
AET,231792.41946587156,39345.754603873145,271138.1740697447,597.0,8.0,2023-08-31
AHS (Axpo Hydro Surselva AG),18441.412861505232,10264.110828788773,28705.523690294005,95.0,2.0,2023-08-31
Alu Infra,444.6975299482358,252.1267510957916,696.8242810440274,0.0,0.0,2023-08-31
Axpo Grid AG,1823685.2619778712,418259.56455659826,2241944.8265344696,7010.0,37.0,2023-08-31
BKW,57999.468125895684,0.0,57999.468125895684,55.0,3.0,2023-08-31
ESB,0.0,35409.44623323066,35409.44623323066,0.0,4.0,2023-08-31
Electricité de la Lienne SA,5606.25918399392,0.0,5606.25918399392,20.0,0.0,2023-08-31
Energie Wasser Bern,75462.02132677477,114797.66203325875,190259.68336003352,144.0,0.0,2023-08-31
Gougra,16419.416214887326,0.0,16419.416214887326,61.0,2.0,2023-08-31
Groupe E,858286.2187120065,374392.2850653113,1232678.5037773177,3523.0,52.0,2023-08-31
Groupe E HT,0.0,329.3516198887597,329.3516198887597,0.0,0.0,2023-08-31
IBC,10457.540358991688,35999.402700956976,46456.943059948666,25.0,4.0,2023-08-31
IWB,0.0,1137052.2440794192,1137052.2440794192,0.0,145.0,2023-08-31
KWT (Kraftwerke Tschar AG),342.42247444685677,0.0,342.42247444685677,3.0,0.0,2023-08-31
SEG,15685.30567460132,7663.69494952763,23349.000624128952,339.0,3.0,2023-08-31
Swissgrid,10502450.655926043,85558.47008376835,10588009.12600981,12074.0,134.0,2023-08-31
Teileigentum ewb,29000.44401050744,0.0,29000.44401050744,0.0,0.0,2023-08-31
Valgrid,257250.4788778996,68782.69444195235,326033.1733198519,1558.0,51.0,2023-08-31
AET / FFS,0.0,0.0,0.0,69.0,0.0,2023-08-31
Alu-Infra,0.0,0.0,0.0,3.0,0.0,2023-08-31
Swisscom / Swissgrid,0.0,0.0,0.0,68.0,0.0,2023-08-31
AET / AIL,0.0,0.0,0.0,0.0,1.0,2023-08-31
AET / AMB,0.0,0.0,0.0,0.0,2.0,2023-08-31
AET / SES,0.0,0.0,0.0,0.0,2.0,2023-08-31
Autre,0.0,0.0,0.0,0.0,8.0,2023-08-31
EKT,0.0,0.0,0.0,0.0,15.0,2023-08-31
Regio Energie Solothurn,0.0,0.0,0.0,0.0,2.0,2023-08-31
AEK,0.0,9755.08820702385,9755.08820702385,0.0,0.0,2023-09-02
AET,231792.41946587156,39345.754603873145,271138.1740697447,597.0,8.0,2023-09-02
AHS (Axpo Hydro Surselva AG),18441.412861505232,10264.110828788773,28705.523690294005,95.0,2.0,2023-09-02
Alu Infra,444.6975299482358,252.1267510957916,696.8242810440274,0.0,0.0,2023-09-02
Axpo Grid AG,1823685.2619778712,418259.56455659826,2241944.8265344696,7010.0,37.0,2023-09-02
BKW,57999.468125895684,0.0,57999.468125895684,55.0,3.0,2023-09-02
ESB,0.0,35409.44623323066,35409.44623323066,0.0,4.0,2023-09-02
Electricité de la Lienne SA,5606.25918399392,0.0,5606.25918399392,20.0,0.0,2023-09-02
Energie Wasser Bern,75462.02132677477,114797.66203325875,190259.68336003352,144.0,0.0,2023-09-02
Gougra,16419.416214887326,0.0,16419.416214887326,61.0,2.0,2023-09-02
Groupe E,858286.2187120065,374392.2850653113,1232678.5037773177,3523.0,52.0,2023-09-02
Groupe E HT,0.0,329.3516198887597,329.3516198887597,0.0,0.0,2023-09-02
IBC,10457.540358991688,35999.402700956976,46456.943059948666,25.0,4.0,2023-09-02
IWB,0.0,1137052.2440794192,1137052.2440794192,0.0,145.0,2023-09-02
KWT (Kraftwerke Tschar AG),342.42247444685677,0.0,342.42247444685677,3.0,0.0,2023-09-02
SEG,15685.30567460132,7663.694949527631,23349.000624128952,454.0,21.0,2023-09-02
SI Lausanne,0.0,123612.00844592275,123612.00844592275,0.0,0.0,2023-09-02
Swissgrid,10502450.655926043,85558.47008376835,10588009.12600981,12074.0,134.0,2023-09-02
Teileigentum ewb,29000.44401050744,0.0,29000.44401050744,0.0,0.0,2023-09-02
Valgrid,257250.4788778996,68782.69444195235,326033.1733198519,1558.0,51.0,2023-09-02
AET / FFS,0.0,0.0,0.0,69.0,0.0,2023-09-02
Alu-Infra,0.0,0.0,0.0,3.0,0.0,2023-09-02
Swisscom / Swissgrid,0.0,0.0,0.0,68.0,0.0,2023-09-02
AET / AIL,0.0,0.0,0.0,0.0,1.0,2023-09-02
AET / AMB,0.0,0.0,0.0,0.0,2.0,2023-09-02
AET / SES,0.0,0.0,0.0,0.0,2.0,2023-09-02
Autre,0.0,0.0,0.0,0.0,8.0,2023-09-02
EKT,0.0,0.0,0.0,0.0,15.0,2023-09-02
Regio Energie Solothurn,0.0,0.0,0.0,0.0,2.0,2023-09-02
AEK,0.0,9755.08820702385,9755.08820702385,0.0,0.0,2023-09-03
AET,231792.41946587156,39345.754603873145,271138.1740697447,597.0,8.0,2023-09-03
AHS (Axpo Hydro Surselva AG),18441.412861505232,10264.110828788773,28705.523690294005,95.0,2.0,2023-09-03
Alu Infra,444.6975299482358,252.1267510957916,696.8242810440274,0.0,0.0,2023-09-03
Axpo Grid AG,1823685.2619778712,418259.56455659826,2241944.8265344696,7010.0,37.0,2023-09-03
BKW,57999.468125895684,0.0,57999.468125895684,55.0,3.0,2023-09-03
ESB,0.0,35409.44623323066,35409.44623323066,0.0,4.0,2023-09-03
Electricité de la Lienne SA,5606.25918399392,0.0,5606.25918399392,20.0,0.0,2023-09-03
Energie Wasser Bern,75462.02132677477,114797.66203325875,190259.68336003352,144.0,0.0,2023-09-03
Gougra,16419.416214887326,0.0,16419.416214887326,61.0,2.0,2023-09-03
Groupe E,858286.2187120065,374392.2850653113,1232678.5037773177,3523.0,52.0,2023-09-03
Groupe E HT,0.0,329.3516198887597,329.3516198887597,0.0,0.0,2023-09-03
IBC,10457.540358991688,35999.402700956976,46456.943059948666,25.0,4.0,2023-09-03
IWB,0.0,1137052.2440794192,1137052.2440794192,0.0,145.0,2023-09-03
KWT (Kraftwerke Tschar AG),342.42247444685677,0.0,342.42247444685677,3.0,0.0,2023-09-03
SEG,15685.30567460132,7663.694949527631,23349.000624128952,454.0,21.0,2023-09-03
SI Lausanne,0.0,123612.00844592275,123612.00844592275,0.0,0.0,2023-09-03
Swissgrid,10502450.655926043,85558.47008376835,10588009.12600981,12074.0,134.0,2023-09-03
Teileigentum ewb,29000.44401050744,0.0,29000.44401050744,0.0,0.0,2023-09-03
Valgrid,257250.4788778996,68782.69444195235,326033.1733198519,1558.0,51.0,2023-09-03
AET / FFS,0.0,0.0,0.0,69.0,0.0,2023-09-03
Alu-Infra,0.0,0.0,0.0,3.0,0.0,2023-09-03
Swisscom / Swissgrid,0.0,0.0,0.0,68.0,0.0,2023-09-03
AET / AIL,0.0,0.0,0.0,0.0,1.0,2023-09-03
AET / AMB,0.0,0.0,0.0,0.0,2.0,2023-09-03
AET / SES,0.0,0.0,0.0,0.0,2.0,2023-09-03
Autre,0.0,0.0,0.0,0.0,8.0,2023-09-03
EKT,0.0,0.0,0.0,0.0,15.0,2023-09-03
Regio Energie Solothurn,0.0,0.0,0.0,0.0,2.0,2023-09-03
AEK,0.0,9755.08820702385,9755.08820702385,0.0,0.0,2023-09-04
AET,231792.41946587156,39345.754603873145,271138.1740697447,597.0,8.0,2023-09-04
AHS (Axpo Hydro Surselva AG),18441.412861505232,10264.110828788773,28705.523690294005,95.0,2.0,2023-09-04
Alu Infra,444.6975299482358,252.1267510957916,696.8242810440274,0.0,0.0,2023-09-04
Axpo Grid AG,1823685.2619778712,418259.56455659826,2241944.8265344696,7010.0,37.0,2023-09-04
BKW,57999.468125895684,0.0,57999.468125895684,55.0,3.0,2023-09-04
ESB,0.0,35409.44623323066,35409.44623323066,0.0,4.0,2023-09-04
Electricité de la Lienne SA,5606.25918399392,0.0,5606.25918399392,20.0,0.0,2023-09-04
Energie Wasser Bern,75462.02132677477,114797.66203325875,190259.68336003352,144.0,0.0,2023-09-04
Gougra,16419.416214887326,0.0,16419.416214887326,61.0,2.0,2023-09-04
Groupe E,858286.2187120065,374392.2850653113,1232678.5037773177,3523.0,52.0,2023-09-04
Groupe E HT,0.0,329.3516198887597,329.3516198887597,0.0,0.0,2023-09-04
IBC,10457.540358991688,35999.402700956976,46456.943059948666,25.0,4.0,2023-09-04
IWB,0.0,1137052.2440794192,1137052.2440794192,0.0,145.0,2023-09-04
KWT (Kraftwerke Tschar AG),342.42247444685677,0.0,342.42247444685677,3.0,0.0,2023-09-04
SEG,15685.30567460132,7663.694949527631,23349.000624128952,454.0,21.0,2023-09-04
SI Lausanne,0.0,123612.00844592275,123612.00844592275,0.0,0.0,2023-09-04
Swissgrid,10502450.655926043,85558.47008376835,10588009.12600981,12074.0,134.0,2023-09-04
Teileigentum ewb,29000.44401050744,0.0,29000.44401050744,0.0,0.0,2023-09-04
Valgrid,257250.4788778996,68782.69444195235,326033.1733198519,1558.0,51.0,2023-09-04
AET / FFS,0.0,0.0,0.0,69.0,0.0,2023-09-04
Alu-Infra,0.0,0.0,0.0,3.0,0.0,2023-09-04
Swisscom / Swissgrid,0.0,0.0,0.0,68.0,0.0,2023-09-04
AET / AIL,0.0,0.0,0.0,0.0,1.0,2023-09-04
AET / AMB,0.0,0.0,0.0,0.0,2.0,2023-09-04
AET / SES,0.0,0.0,0.0,0.0,2.0,2023-09-04
Autre,0.0,0.0,0.0,0.0,8.0,2023-09-04
EKT,0.0,0.0,0.0,0.0,15.0,2023-09-04
Regio Energie Solothurn,0.0,0.0,0.0,0.0,2.0,2023-09-04
